-- phpMyAdmin SQL Dump
-- version 5.2.1
-- https://www.phpmyadmin.net/
--
-- ホスト: 127.0.0.1
-- 生成日時: 2023-08-08 06:25:18
-- サーバのバージョン： 10.4.28-MariaDB
-- PHP のバージョン: 8.1.17

SET SQL_MODE = "NO_AUTO_VALUE_ON_ZERO";
START TRANSACTION;
SET time_zone = "+00:00";


/*!40101 SET @OLD_CHARACTER_SET_CLIENT=@@CHARACTER_SET_CLIENT */;
/*!40101 SET @OLD_CHARACTER_SET_RESULTS=@@CHARACTER_SET_RESULTS */;
/*!40101 SET @OLD_COLLATION_CONNECTION=@@COLLATION_CONNECTION */;
/*!40101 SET NAMES utf8mb4 */;

--
-- データベース: `student_documentation_software`
--

-- --------------------------------------------------------

--
-- テーブルの構造 `login_logs`
--

CREATE TABLE `login_logs` (
  `id` bigint(20) UNSIGNED NOT NULL,
  `user_id` bigint(20) UNSIGNED NOT NULL,
  `login_time` datetime NOT NULL DEFAULT current_timestamp(),
  `ip_address` varchar(45) DEFAULT NULL
) ENGINE=InnoDB DEFAULT CHARSET=utf8mb4 COLLATE=utf8mb4_general_ci;

--
-- テーブルのデータのダンプ `login_logs`
--

INSERT INTO `login_logs` (`id`, `user_id`, `login_time`, `ip_address`) VALUES
(13, 31, '2023-07-22 20:50:01', '127.0.0.1'),
(14, 31, '2023-07-22 21:03:29', '127.0.0.1'),
(15, 31, '2023-07-22 21:08:44', '127.0.0.1'),
(16, 32, '2023-07-22 21:36:00', '127.0.0.1'),
(17, 33, '2023-07-22 23:03:08', '127.0.0.1'),
(18, 33, '2023-07-22 23:09:00', '127.0.0.1'),
(19, 34, '2023-07-22 23:09:20', '127.0.0.1'),
(20, 31, '2023-07-23 11:58:05', '127.0.0.1'),
(21, 31, '2023-07-23 11:58:13', '127.0.0.1'),
(22, 31, '2023-07-23 11:59:32', '127.0.0.1'),
(23, 35, '2023-07-23 11:59:54', '127.0.0.1'),
(24, 35, '2023-07-23 12:00:22', '127.0.0.1'),
(25, 40, '2023-07-23 23:34:41', '127.0.0.1'),
(26, 31, '2023-07-24 23:50:33', '127.0.0.1'),
(27, 42, '2023-07-24 23:51:40', '127.0.0.1'),
(28, 31, '2023-07-25 00:25:18', '127.0.0.1'),
(29, 43, '2023-07-25 12:42:14', '127.0.0.1'),
(30, 44, '2023-07-25 12:47:57', '127.0.0.1'),
(31, 44, '2023-07-25 12:48:37', '127.0.0.1'),
(32, 31, '2023-07-26 11:43:57', '127.0.0.1'),
(33, 31, '2023-07-26 12:43:16', '127.0.0.1'),
(34, 31, '2023-07-26 12:48:51', '0:0:0:0:0:0:0:1'),
(35, 31, '2023-07-26 13:01:28', '0:0:0:0:0:0:0:1'),
(36, 31, '2023-07-26 13:04:44', '127.0.0.1'),
(37, 31, '2023-07-26 13:07:43', '127.0.0.1'),
(38, 37, '2023-07-26 13:45:55', '127.0.0.1'),
(39, 31, '2023-07-26 14:13:08', '127.0.0.1'),
(40, 45, '2023-07-26 14:16:00', '0:0:0:0:0:0:0:1'),
(41, 45, '2023-07-26 14:17:07', '0:0:0:0:0:0:0:1'),
(42, 46, '2023-07-26 22:27:03', '127.0.0.1'),
(43, 47, '2023-07-27 16:52:57', '127.0.0.1'),
(44, 47, '2023-07-27 16:56:16', '127.0.0.1'),
(45, 47, '2023-07-27 16:57:41', '127.0.0.1'),
(46, 47, '2023-07-27 16:59:28', '127.0.0.1'),
(47, 47, '2023-07-27 17:12:06', '0:0:0:0:0:0:0:1'),
(48, 48, '2023-07-27 21:55:42', '0:0:0:0:0:0:0:1'),
(49, 48, '2023-07-27 22:07:38', '127.0.0.1'),
(50, 49, '2023-07-27 23:10:58', '127.0.0.1'),
(51, 49, '2023-07-27 23:41:34', '127.0.0.1'),
(52, 49, '2023-07-27 23:55:53', '127.0.0.1'),
(53, 49, '2023-07-28 00:21:50', '127.0.0.1'),
(54, 50, '2023-07-28 00:26:21', '0:0:0:0:0:0:0:1'),
(55, 51, '2023-07-28 00:32:52', '127.0.0.1'),
(56, 49, '2023-07-28 00:34:49', '127.0.0.1'),
(57, 52, '2023-07-28 00:38:20', '127.0.0.1'),
(58, 53, '2023-07-28 00:43:57', '127.0.0.1'),
(59, 54, '2023-07-28 00:49:02', '127.0.0.1'),
(60, 55, '2023-07-28 01:09:55', '127.0.0.1'),
(61, 56, '2023-07-28 01:28:24', '127.0.0.1'),
(62, 57, '2023-07-28 01:31:34', '127.0.0.1'),
(63, 58, '2023-07-28 01:35:14', '127.0.0.1'),
(64, 59, '2023-07-28 01:43:56', '0:0:0:0:0:0:0:1'),
(65, 60, '2023-07-28 08:51:26', '127.0.0.1'),
(66, 60, '2023-07-28 10:06:33', '127.0.0.1'),
(67, 31, '2023-07-28 10:06:55', '127.0.0.1'),
(68, 31, '2023-07-28 15:30:16', '127.0.0.1'),
(69, 61, '2023-07-28 16:13:20', '127.0.0.1'),
(70, 62, '2023-07-28 17:52:52', '127.0.0.1'),
(71, 63, '2023-07-28 17:57:34', '127.0.0.1'),
(72, 63, '2023-07-28 18:38:43', '127.0.0.1'),
(73, 31, '2023-07-28 20:38:31', '127.0.0.1'),
(74, 64, '2023-07-28 22:22:56', '127.0.0.1'),
(75, 64, '2023-07-28 22:24:23', '127.0.0.1'),
(76, 64, '2023-07-28 22:25:40', '127.0.0.1'),
(77, 64, '2023-07-28 22:26:43', '127.0.0.1'),
(78, 64, '2023-07-28 22:45:15', '127.0.0.1'),
(79, 64, '2023-07-28 23:05:20', '127.0.0.1'),
(80, 64, '2023-07-28 23:40:53', '127.0.0.1'),
(81, 64, '2023-07-28 23:52:18', '127.0.0.1'),
(82, 64, '2023-07-28 23:56:09', '127.0.0.1'),
(83, 64, '2023-07-29 15:48:56', '127.0.0.1'),
(84, 64, '2023-07-29 17:35:58', '127.0.0.1'),
(85, 65, '2023-07-29 17:48:49', '127.0.0.1'),
(86, 65, '2023-07-29 20:02:19', '127.0.0.1'),
(87, 64, '2023-07-29 20:03:07', '127.0.0.1'),
(88, 66, '2023-07-29 20:14:44', '127.0.0.1'),
(89, 49, '2023-07-29 20:35:16', '127.0.0.1'),
(90, 41, '2023-07-29 20:37:57', '127.0.0.1'),
(91, 67, '2023-07-29 20:43:49', '127.0.0.1'),
(92, 68, '2023-07-29 21:39:58', '127.0.0.1'),
(93, 36, '2023-07-29 21:43:32', '127.0.0.1'),
(94, 70, '2023-07-29 21:47:43', '127.0.0.1'),
(95, 71, '2023-07-29 22:00:32', '0:0:0:0:0:0:0:1'),
(96, 72, '2023-07-29 22:16:01', '0:0:0:0:0:0:0:1'),
(97, 73, '2023-07-29 22:25:23', '0:0:0:0:0:0:0:1'),
(98, 74, '2023-07-29 22:35:03', '0:0:0:0:0:0:0:1'),
(99, 75, '2023-07-29 22:48:15', '127.0.0.1'),
(100, 76, '2023-07-29 22:49:12', '127.0.0.1'),
(101, 75, '2023-07-29 23:08:40', '127.0.0.1'),
(102, 77, '2023-07-29 23:18:43', '127.0.0.1'),
(103, 78, '2023-07-29 23:19:33', '127.0.0.1'),
(104, 77, '2023-07-29 23:26:44', '127.0.0.1'),
(105, 79, '2023-07-29 23:27:14', '127.0.0.1'),
(106, 80, '2023-07-29 23:55:32', '127.0.0.1'),
(107, 80, '2023-07-30 00:21:51', '127.0.0.1'),
(108, 80, '2023-07-30 00:39:54', '127.0.0.1'),
(109, 80, '2023-07-30 00:43:23', '127.0.0.1'),
(110, 80, '2023-07-30 00:45:47', '127.0.0.1'),
(111, 56, '2023-08-01 23:31:11', '127.0.0.1'),
(112, 83, '2023-08-03 01:51:47', '127.0.0.1'),
(113, 85, '2023-08-03 02:36:24', '127.0.0.1'),
(114, 86, '2023-08-03 03:32:30', '127.0.0.1'),
(115, 87, '2023-08-03 03:36:56', '127.0.0.1'),
(116, 87, '2023-08-03 03:38:02', '127.0.0.1'),
(117, 88, '2023-08-04 00:27:54', '127.0.0.1'),
(118, 88, '2023-08-04 00:34:14', '127.0.0.1'),
(119, 88, '2023-08-04 18:51:13', '127.0.0.1'),
(120, 88, '2023-08-04 19:23:38', '127.0.0.1'),
(121, 88, '2023-08-04 21:16:54', '127.0.0.1'),
(122, 88, '2023-08-04 23:21:42', '127.0.0.1'),
(123, 88, '2023-08-05 02:16:41', '127.0.0.1'),
(124, 88, '2023-08-05 20:52:21', '127.0.0.1'),
(125, 88, '2023-08-05 21:14:04', '127.0.0.1'),
(126, 88, '2023-08-05 21:22:16', '127.0.0.1'),
(127, 88, '2023-08-05 21:32:19', '127.0.0.1'),
(128, 88, '2023-08-05 21:35:35', '0:0:0:0:0:0:0:1'),
(129, 88, '2023-08-05 22:02:31', '127.0.0.1'),
(130, 89, '2023-08-06 07:25:19', '0:0:0:0:0:0:0:1'),
(131, 89, '2023-08-06 07:34:48', '0:0:0:0:0:0:0:1'),
(132, 89, '2023-08-06 07:35:23', '0:0:0:0:0:0:0:1'),
(133, 89, '2023-08-06 07:36:07', '0:0:0:0:0:0:0:1'),
(134, 89, '2023-08-06 07:40:20', '0:0:0:0:0:0:0:1'),
(135, 89, '2023-08-06 07:40:32', '0:0:0:0:0:0:0:1'),
(136, 89, '2023-08-06 07:48:19', '0:0:0:0:0:0:0:1'),
(137, 90, '2023-08-06 07:49:00', '0:0:0:0:0:0:0:1'),
(138, 90, '2023-08-06 07:49:08', '0:0:0:0:0:0:0:1'),
(139, 90, '2023-08-06 07:52:55', '0:0:0:0:0:0:0:1'),
(140, 89, '2023-08-06 08:01:33', '0:0:0:0:0:0:0:1'),
(141, 89, '2023-08-06 08:03:03', '0:0:0:0:0:0:0:1'),
(142, 89, '2023-08-06 08:34:41', '127.0.0.1'),
(143, 89, '2023-08-06 17:49:28', '127.0.0.1'),
(144, 89, '2023-08-06 20:02:48', '127.0.0.1'),
(145, 91, '2023-08-06 22:06:54', '127.0.0.1'),
(146, 91, '2023-08-06 22:26:42', '0:0:0:0:0:0:0:1'),
(147, 92, '2023-08-07 00:47:07', '127.0.0.1'),
(148, 89, '2023-08-07 02:57:17', '127.0.0.1'),
(149, 89, '2023-08-07 03:02:07', '127.0.0.1'),
(150, 89, '2023-08-07 03:08:23', '127.0.0.1'),
(151, 89, '2023-08-07 17:16:07', '127.0.0.1'),
(152, 89, '2023-08-07 21:27:44', '127.0.0.1');

-- --------------------------------------------------------

--
-- テーブルの構造 `operation_logs`
--

CREATE TABLE `operation_logs` (
  `id` bigint(20) UNSIGNED NOT NULL,
  `user_id` bigint(20) UNSIGNED NOT NULL,
  `operation` varchar(255) NOT NULL,
  `created_at` datetime NOT NULL DEFAULT current_timestamp()
) ENGINE=InnoDB DEFAULT CHARSET=utf8mb4 COLLATE=utf8mb4_general_ci;

--
-- テーブルのデータのダンプ `operation_logs`
--

INSERT INTO `operation_logs` (`id`, `user_id`, `operation`, `created_at`) VALUES
(21, 31, 'Create SecretQuestion & Answer', '2023-07-22 20:50:06'),
(22, 31, 'Create First Setting', '2023-07-22 20:50:34'),
(23, 32, 'Create SecretQuestion & Answer', '2023-07-22 21:36:08'),
(24, 33, 'Create SecretQuestion & Answer', '2023-07-22 23:03:16'),
(25, 33, 'Create First Setting', '2023-07-22 23:03:51'),
(26, 34, 'Create SecretQuestion & Answer', '2023-07-22 23:09:31'),
(27, 34, 'Create First Setting', '2023-07-22 23:09:59'),
(28, 35, 'Create SecretQuestion & Answer', '2023-07-23 12:00:02'),
(29, 42, 'Create SecretQuestion & Answer', '2023-07-24 23:51:51'),
(30, 42, 'Create First Setting', '2023-07-24 23:52:18'),
(31, 43, 'Create SecretQuestion & Answer', '2023-07-25 12:42:23'),
(32, 43, 'Create First Setting', '2023-07-25 12:44:33'),
(33, 44, 'Create SecretQuestion & Answer', '2023-07-25 12:48:00'),
(34, 44, 'Create First Setting', '2023-07-25 12:48:17'),
(35, 31, 'Change Password', '2023-07-26 13:37:30'),
(36, 31, 'Forgot Password Recreate', '2023-07-26 13:38:09'),
(37, 37, 'Create SecretQuestion & Answer', '2023-07-26 13:46:07'),
(38, 45, 'Create SecretQuestion & Answer', '2023-07-26 14:16:04'),
(39, 45, 'Create First Setting', '2023-07-26 14:16:53'),
(40, 45, 'Change SecretQuestion & Answer', '2023-07-26 14:20:42'),
(41, 46, 'Create SecretQuestion & Answer', '2023-07-26 22:27:08'),
(42, 47, 'Create SecretQuestion & Answer', '2023-07-27 16:53:06'),
(43, 47, 'Create First Setting', '2023-07-27 16:56:38'),
(44, 47, 'Change Password', '2023-07-27 16:56:49'),
(45, 47, 'Change SecretQuestion & Answer', '2023-07-27 16:57:00'),
(46, 47, 'Change Password', '2023-07-27 16:57:30'),
(47, 47, 'Change Password', '2023-07-27 16:57:54'),
(48, 47, 'Change SecretQuestion & Answer', '2023-07-27 16:59:39'),
(49, 48, 'Create SecretQuestion & Answer', '2023-07-27 21:55:48'),
(50, 48, 'Create First Setting', '2023-07-27 22:37:21'),
(51, 49, 'Create SecretQuestion & Answer', '2023-07-27 23:11:04'),
(52, 49, 'Create First Setting', '2023-07-27 23:11:36'),
(53, 49, 'Change Password', '2023-07-27 23:11:44'),
(54, 49, 'Change SecretQuestion & Answer', '2023-07-27 23:11:57'),
(55, 50, 'Create SecretQuestion & Answer', '2023-07-28 00:26:29'),
(56, 50, 'Create First Setting', '2023-07-28 00:26:54'),
(57, 52, 'Create SecretQuestion & Answer', '2023-07-28 00:38:42'),
(58, 52, 'Create First Setting', '2023-07-28 00:39:04'),
(59, 53, 'Create SecretQuestion & Answer', '2023-07-28 00:44:01'),
(60, 53, 'Create First Setting', '2023-07-28 00:44:21'),
(61, 54, 'Create SecretQuestion & Answer', '2023-07-28 00:49:09'),
(62, 54, 'Create First Setting', '2023-07-28 00:49:48'),
(63, 55, 'Create SecretQuestion & Answer', '2023-07-28 01:10:02'),
(64, 55, 'Create First Setting', '2023-07-28 01:10:25'),
(65, 56, 'Create SecretQuestion & Answer', '2023-07-28 01:28:32'),
(66, 56, 'Create First Setting', '2023-07-28 01:28:55'),
(67, 57, 'Create SecretQuestion & Answer', '2023-07-28 01:31:40'),
(68, 57, 'Create First Setting', '2023-07-28 01:32:01'),
(69, 58, 'Create SecretQuestion & Answer', '2023-07-28 01:35:18'),
(70, 58, 'Create First Setting', '2023-07-28 01:35:38'),
(71, 59, 'Create SecretQuestion & Answer', '2023-07-28 01:44:00'),
(72, 59, 'Create First Setting', '2023-07-28 01:44:19'),
(73, 60, 'Create SecretQuestion & Answer', '2023-07-28 08:51:32'),
(74, 60, 'Create First Setting', '2023-07-28 08:51:54'),
(75, 61, 'Create SecretQuestion & Answer', '2023-07-28 16:13:25'),
(76, 61, 'Create First Setting', '2023-07-28 16:15:11'),
(77, 62, 'Create SecretQuestion & Answer', '2023-07-28 17:52:59'),
(78, 62, 'Create First Setting', '2023-07-28 17:53:42'),
(79, 62, 'Create First Setting', '2023-07-28 17:55:28'),
(80, 62, 'Create Vocational Trainee Setting', '2023-07-28 17:55:46'),
(81, 63, 'Create SecretQuestion & Answer', '2023-07-28 17:57:40'),
(82, 63, 'Create First Setting', '2023-07-28 17:58:40'),
(83, 63, 'Create Vocational Trainee Setting', '2023-07-28 18:43:01'),
(84, 63, 'Create Vocational Trainee Setting', '2023-07-28 18:43:25'),
(85, 31, 'Delete Account', '2023-07-28 20:40:47'),
(86, 64, 'Create SecretQuestion & Answer', '2023-07-28 22:23:01'),
(87, 64, 'Create First Setting', '2023-07-28 22:23:21'),
(88, 64, 'Change Password', '2023-07-28 22:24:08'),
(89, 64, 'Change Password', '2023-07-28 22:24:38'),
(90, 64, 'Forgot Password Recreate', '2023-07-28 22:25:22'),
(91, 64, 'Change SecretQuestion & Answer', '2023-07-28 22:26:09'),
(92, 64, 'Forgot Password Recreate', '2023-07-28 22:26:32'),
(93, 64, 'Change Name & Date of Birth', '2023-07-28 22:44:19'),
(94, 64, 'Forgot Password Recreate', '2023-07-28 22:45:09'),
(95, 64, 'Change Address & Tel', '2023-07-28 23:08:06'),
(96, 64, 'Change Name & Date of Birth', '2023-07-28 23:52:30'),
(97, 64, 'Change Address & Tel', '2023-07-28 23:52:36'),
(98, 64, 'Change Student Infometion', '2023-07-28 23:52:45'),
(99, 64, 'Chage Vocational Trainee Setting', '2023-07-29 16:30:35'),
(100, 64, 'Chage Vocational Trainee Setting', '2023-07-29 16:51:32'),
(101, 64, 'Chage Vocational Trainee Setting', '2023-07-29 17:25:27'),
(102, 64, 'Chage Vocational Trainee Setting', '2023-07-29 17:26:28'),
(103, 64, 'Chage Vocational Trainee Setting', '2023-07-29 17:27:21'),
(104, 64, 'Chage Vocational Trainee Setting', '2023-07-29 17:30:04'),
(105, 64, 'Chage Vocational Trainee Setting', '2023-07-29 17:30:11'),
(106, 64, 'Chage Vocational Trainee Setting', '2023-07-29 17:30:18'),
(107, 64, 'Chage Vocational Trainee Setting', '2023-07-29 17:30:31'),
(108, 64, 'Chage Vocational Trainee Setting', '2023-07-29 17:31:36'),
(109, 64, 'Chage Vocational Trainee Setting', '2023-07-29 17:32:26'),
(110, 64, 'Chage Vocational Trainee Setting', '2023-07-29 17:36:09'),
(111, 64, 'Chage Vocational Trainee Setting', '2023-07-29 17:40:16'),
(112, 64, 'Chage Vocational Trainee Setting', '2023-07-29 17:41:16'),
(113, 64, 'Chage Vocational Trainee Setting', '2023-07-29 17:45:14'),
(114, 65, 'Create SecretQuestion & Answer', '2023-07-29 17:48:54'),
(115, 65, 'Create First Setting', '2023-07-29 17:49:36'),
(116, 65, 'Create Vocational Trainee Setting', '2023-07-29 17:49:46'),
(117, 64, 'Change Student Infometion', '2023-07-29 20:12:53'),
(118, 64, 'Change Name & Date of Birth', '2023-07-29 20:13:18'),
(119, 64, 'Change Address & Tel', '2023-07-29 20:13:37'),
(120, 64, 'Chage Vocational Trainee Setting', '2023-07-29 20:13:50'),
(121, 66, 'Create SecretQuestion & Answer', '2023-07-29 20:14:51'),
(122, 66, 'Create First Setting', '2023-07-29 20:15:50'),
(123, 66, 'Create Vocational Trainee Setting', '2023-07-29 20:16:13'),
(124, 66, 'Delete Account', '2023-07-29 20:16:29'),
(125, 49, 'Delete Account', '2023-07-29 20:35:22'),
(126, 41, 'Create SecretQuestion & Answer', '2023-07-29 20:42:17'),
(127, 41, 'Create First Setting', '2023-07-29 20:42:40'),
(128, 41, 'Delete Account', '2023-07-29 20:42:51'),
(129, 67, 'Create SecretQuestion & Answer', '2023-07-29 20:43:54'),
(130, 67, 'Create First Setting', '2023-07-29 20:44:15'),
(131, 67, 'Delete Account', '2023-07-29 20:44:20'),
(132, 68, 'Create SecretQuestion & Answer', '2023-07-29 21:40:03'),
(133, 68, 'Create First Setting', '2023-07-29 21:40:27'),
(134, 68, 'Delete Account', '2023-07-29 21:40:42'),
(135, 36, 'Create SecretQuestion & Answer', '2023-07-29 21:43:39'),
(136, 36, 'Delete Account', '2023-07-29 21:47:18'),
(137, 71, 'Create SecretQuestion & Answer', '2023-07-29 22:00:36'),
(138, 72, 'Create SecretQuestion & Answer', '2023-07-29 22:16:06'),
(139, 73, 'Create SecretQuestion & Answer', '2023-07-29 22:25:27'),
(140, 73, 'Create First Setting', '2023-07-29 22:26:23'),
(141, 74, 'Create SecretQuestion & Answer', '2023-07-29 22:35:09'),
(142, 75, 'Create SecretQuestion & Answer', '2023-07-29 22:48:22'),
(143, 75, 'Create First Setting', '2023-07-29 22:48:51'),
(144, 76, 'Create SecretQuestion & Answer', '2023-07-29 22:49:16'),
(145, 76, 'Create First Setting', '2023-07-29 22:49:51'),
(146, 75, 'Delete Account', '2023-07-29 23:08:48'),
(147, 77, 'Create SecretQuestion & Answer', '2023-07-29 23:18:49'),
(148, 77, 'Create First Setting', '2023-07-29 23:19:13'),
(149, 78, 'Create SecretQuestion & Answer', '2023-07-29 23:19:37'),
(150, 78, 'Create First Setting', '2023-07-29 23:19:55'),
(151, 79, 'Create SecretQuestion & Answer', '2023-07-29 23:27:19'),
(152, 79, 'Create First Setting', '2023-07-29 23:28:10'),
(153, 79, 'Create Vocational Trainee Setting', '2023-07-29 23:29:17'),
(154, 80, 'Create SecretQuestion & Answer', '2023-07-30 00:21:57'),
(155, 80, 'Create First Setting', '2023-07-30 00:22:30'),
(156, 80, 'Create Vocational Trainee Setting', '2023-07-30 00:23:11'),
(157, 80, 'Forgot Password Recreate', '2023-07-30 00:38:40'),
(158, 80, 'Forgot Password Recreate', '2023-07-30 00:39:50'),
(159, 80, 'Chage Vocational Trainee Setting', '2023-07-30 00:41:13'),
(160, 80, 'Change Student Infometion', '2023-07-30 00:41:36'),
(161, 80, 'Change Address & Tel', '2023-07-30 00:42:09'),
(162, 80, 'Change Name & Date of Birth', '2023-07-30 00:42:42'),
(163, 80, 'Change Password', '2023-07-30 00:43:03'),
(164, 80, 'Change Password', '2023-07-30 00:43:33'),
(165, 80, 'Change SecretQuestion & Answer', '2023-07-30 00:44:38'),
(166, 80, 'Forgot Password Recreate', '2023-07-30 00:45:42'),
(167, 83, 'Create SecretQuestion & Answer', '2023-08-03 01:51:52'),
(168, 83, 'Create First Setting', '2023-08-03 02:03:03'),
(169, 85, 'Create SecretQuestion & Answer', '2023-08-03 02:37:21'),
(170, 85, 'Create First Setting', '2023-08-03 02:37:42'),
(171, 85, 'Create Vocational Trainee Setting', '2023-08-03 02:37:52'),
(172, 86, 'Create SecretQuestion & Answer', '2023-08-03 03:32:36'),
(173, 86, 'Create First Setting', '2023-08-03 03:32:57'),
(174, 86, 'Create Vocational Trainee Setting', '2023-08-03 03:33:04'),
(175, 86, 'Change Password', '2023-08-03 03:33:23'),
(176, 86, 'Change Name & Date of Birth', '2023-08-03 03:33:37'),
(177, 86, 'Change Password', '2023-08-03 03:33:51'),
(178, 86, 'Change SecretQuestion & Answer', '2023-08-03 03:35:08'),
(179, 86, 'Change Address & Tel', '2023-08-03 03:35:35'),
(180, 86, 'Change Student Infometion', '2023-08-03 03:35:54'),
(181, 86, 'Chage Vocational Trainee Setting', '2023-08-03 03:36:10'),
(182, 86, 'Delete Account', '2023-08-03 03:36:22'),
(183, 87, 'Create SecretQuestion & Answer', '2023-08-03 03:37:03'),
(184, 87, 'Create First Setting', '2023-08-03 03:37:31'),
(185, 87, 'Forgot Password Recreate', '2023-08-03 03:37:54'),
(186, 88, 'Create SecretQuestion & Answer', '2023-08-04 00:28:02'),
(187, 88, 'Create First Setting', '2023-08-04 00:28:29'),
(188, 88, 'Create Vocational Trainee Setting', '2023-08-04 00:28:39'),
(189, 88, 'Change Student Infometion', '2023-08-04 00:30:15'),
(190, 88, 'Change Student Infometion', '2023-08-04 00:34:48'),
(191, 88, 'Change Student Infometion', '2023-08-04 00:42:01'),
(192, 88, 'Change Student Infometion', '2023-08-04 00:44:11'),
(193, 88, 'Chage Vocational Trainee Setting', '2023-08-04 19:24:29'),
(194, 88, 'Chage Vocational Trainee Setting', '2023-08-04 19:24:53'),
(195, 88, 'Printing Attaching Receipts', '2023-08-05 21:03:44'),
(196, 88, 'Printing Attaching Receipts', '2023-08-05 21:06:54'),
(197, 88, 'Printing Attaching Receipts', '2023-08-05 21:12:37'),
(198, 88, 'Printing Attaching Receipts', '2023-08-05 21:22:57'),
(199, 88, 'Printing Certificate Vocational Training', '2023-08-05 21:38:51'),
(200, 88, 'Printing Interview Certificate', '2023-08-05 21:44:53'),
(201, 88, 'Printing Interview Certificate', '2023-08-05 21:48:13'),
(202, 88, 'Change Student Infometion', '2023-08-05 21:49:24'),
(203, 88, 'Change Student Infometion', '2023-08-05 21:49:49'),
(204, 88, 'Printing Interview Certificate', '2023-08-05 22:03:44'),
(205, 88, 'Printing Interview Certificate', '2023-08-05 23:12:59'),
(206, 88, 'Printing Interview Certificate', '2023-08-05 23:16:14'),
(207, 88, 'Printing Interview Certificate', '2023-08-05 23:18:55'),
(208, 88, 'Printing Interview Certificate', '2023-08-05 23:21:09'),
(209, 88, 'Printing Interview Certificate', '2023-08-05 23:23:46'),
(210, 88, 'Printing Interview Certificate', '2023-08-05 23:25:20'),
(211, 88, 'Printing Interview Certificate', '2023-08-05 23:27:11'),
(212, 88, 'Printing Interview Certificate', '2023-08-05 23:29:16'),
(213, 88, 'Printing Interview Certificate', '2023-08-05 23:32:35'),
(214, 88, 'Printing Interview Certificate', '2023-08-05 23:35:19'),
(215, 88, 'Printing Interview Certificate', '2023-08-05 23:37:35'),
(216, 88, 'Printing Interview Certificate', '2023-08-05 23:40:16'),
(217, 88, 'Printing Interview Certificate', '2023-08-05 23:45:15'),
(218, 88, 'Printing Interview Certificate', '2023-08-05 23:46:42'),
(219, 88, 'Printing Interview Certificate', '2023-08-05 23:50:15'),
(220, 88, 'Printing Interview Certificate', '2023-08-05 23:52:06'),
(221, 88, 'Printing Interview Certificate', '2023-08-05 23:54:05'),
(222, 88, 'Printing Interview Certificate', '2023-08-05 23:55:18'),
(223, 88, 'Printing Interview Certificate', '2023-08-05 23:56:23'),
(224, 88, 'Printing Interview Certificate', '2023-08-05 23:57:11'),
(225, 88, 'Printing Interview Certificate', '2023-08-06 00:29:48'),
(226, 88, 'Printing Petition For Relatives', '2023-08-06 01:05:23'),
(227, 88, 'Printing Petition For Relatives', '2023-08-06 01:09:03'),
(228, 88, 'Printing Petition For Relatives', '2023-08-06 01:10:31'),
(229, 88, 'Printing Petition For Relatives', '2023-08-06 01:13:55'),
(230, 88, 'Printing Petition For Relatives', '2023-08-06 01:14:59'),
(231, 88, 'Printing Petition For Relatives', '2023-08-06 01:18:43'),
(232, 88, 'Printing Petition For Relatives', '2023-08-06 01:20:43'),
(233, 88, 'Printing Petition For Relatives', '2023-08-06 01:23:51'),
(234, 88, 'Printing Petition For Relatives', '2023-08-06 01:25:24'),
(235, 88, 'Printing Petition For Relatives', '2023-08-06 01:27:38'),
(236, 88, 'Printing Petition For Relatives', '2023-08-06 01:29:13'),
(237, 88, 'Printing Petition For Relatives', '2023-08-06 01:30:34'),
(238, 88, 'Printing Petition For Relatives', '2023-08-06 01:31:25'),
(239, 88, 'Printing Petition For Relatives', '2023-08-06 01:32:54'),
(240, 88, 'Printing Petition For Relatives', '2023-08-06 01:33:54'),
(241, 88, 'Printing Petition For Relatives', '2023-08-06 01:35:10'),
(242, 88, 'Printing Petition For Relatives', '2023-08-06 01:35:41'),
(243, 88, 'Printing Petition For Relatives', '2023-08-06 01:36:18'),
(244, 88, 'Printing Petition For Relatives', '2023-08-06 01:36:52'),
(245, 88, 'Printing Petition For Relatives', '2023-08-06 01:37:28'),
(246, 88, 'Printing Petition For Relatives', '2023-08-06 01:38:04'),
(247, 88, 'Printing Petition For Relatives', '2023-08-06 01:39:09'),
(248, 88, 'Printing Attaching Receipts', '2023-08-06 01:45:38'),
(249, 88, 'Printing Reasons for Non Attendance', '2023-08-06 02:51:16'),
(250, 88, 'Printing Reasons for Non Attendance', '2023-08-06 02:56:21'),
(251, 88, 'Printing Reasons for Non Attendance', '2023-08-06 02:59:22'),
(252, 88, 'Printing Reasons for Non Attendance', '2023-08-06 03:01:03'),
(253, 88, 'Printing Reasons for Non Attendance', '2023-08-06 03:02:15'),
(254, 88, 'Printing Reasons for Non Attendance', '2023-08-06 03:03:35'),
(255, 88, 'Printing Reasons for Non Attendance', '2023-08-06 03:08:20'),
(256, 88, 'Printing Reasons for Non Attendance', '2023-08-06 03:10:27'),
(257, 88, 'Printing Reasons for Non Attendance', '2023-08-06 03:12:45'),
(258, 88, 'Printing Reasons for Non Attendance', '2023-08-06 03:14:18'),
(259, 88, 'Printing Reasons for Non Attendance', '2023-08-06 03:16:37'),
(260, 88, 'Printing Reasons for Non Attendance', '2023-08-06 03:18:51'),
(261, 88, 'Printing Reasons for Non Attendance', '2023-08-06 03:23:13'),
(262, 88, 'Printing Reasons for Non Attendance', '2023-08-06 03:24:49'),
(263, 88, 'Printing Reasons for Non Attendance', '2023-08-06 03:27:42'),
(264, 88, 'Printing Reasons for Non Attendance', '2023-08-06 03:31:29'),
(265, 88, 'Printing Reasons for Non Attendance', '2023-08-06 03:33:17'),
(266, 88, 'Printing Reasons for Non Attendance', '2023-08-06 03:38:22'),
(267, 88, 'Printing Reasons for Non Attendance', '2023-08-06 03:48:37'),
(268, 88, 'Printing Reasons for Non Attendance', '2023-08-06 03:51:36'),
(269, 88, 'Printing Reasons for Non Attendance', '2023-08-06 03:57:23'),
(270, 88, 'Printing Reasons for Non Attendance', '2023-08-06 03:58:48'),
(271, 88, 'Printing Reasons for Non Attendance', '2023-08-06 04:01:25'),
(272, 88, 'Printing Reasons for Non Attendance', '2023-08-06 04:03:09'),
(273, 88, 'Printing Reasons for Non Attendance', '2023-08-06 04:04:42'),
(274, 88, 'Printing Reasons for Non Attendance', '2023-08-06 04:06:15'),
(275, 88, 'Printing Reasons for Non Attendance', '2023-08-06 04:07:31'),
(276, 88, 'Printing Reasons for Non Attendance', '2023-08-06 04:12:03'),
(277, 88, 'Printing Reasons for Non Attendance', '2023-08-06 04:14:39'),
(278, 88, 'Printing Reasons for Non Attendance', '2023-08-06 04:17:25'),
(279, 88, 'Printing Reasons for Non Attendance', '2023-08-06 04:19:24'),
(280, 88, 'Printing Reasons for Non Attendance', '2023-08-06 04:20:33'),
(281, 88, 'Printing Reasons for Non Attendance', '2023-08-06 04:20:39'),
(282, 88, 'Printing Reasons for Non Attendance', '2023-08-06 04:20:43'),
(283, 88, 'Printing Reasons for Non Attendance', '2023-08-06 04:20:48'),
(284, 88, 'Printing Reasons for Non Attendance', '2023-08-06 04:20:52'),
(285, 88, 'Printing Reasons for Non Attendance', '2023-08-06 04:20:56'),
(286, 88, 'Printing Reasons for Non Attendance', '2023-08-06 04:21:05'),
(287, 88, 'Printing Reasons for Non Attendance', '2023-08-06 04:21:09'),
(288, 89, 'Create SecretQuestion & Answer', '2023-08-06 07:34:53'),
(289, 89, 'Create First Setting', '2023-08-06 07:35:15'),
(290, 89, 'Printing Attaching Receipts', '2023-08-06 08:01:59'),
(291, 89, 'Create Vocational Trainee Setting', '2023-08-06 08:03:19'),
(292, 89, 'Printing Petition For Relatives', '2023-08-06 08:03:42'),
(293, 89, 'Printing Interview Certificate', '2023-08-06 08:03:54'),
(294, 89, 'Printing Absence Due to Injury or Illness', '2023-08-06 08:34:50'),
(295, 89, 'Printing Absence Due to Injury or Illness', '2023-08-06 17:49:43'),
(296, 89, 'Printing Absence Due to Injury or Illness', '2023-08-06 17:55:08'),
(297, 89, 'Printing Absence Due to Injury or Illness', '2023-08-06 18:06:54'),
(298, 89, 'Printing Absence Due to Injury or Illness', '2023-08-06 18:10:38'),
(299, 89, 'Printing Absence Due to Injury or Illness', '2023-08-06 18:13:23'),
(300, 89, 'Printing Absence Due to Injury or Illness', '2023-08-06 18:14:47'),
(301, 89, 'Printing Absence Due to Injury or Illness', '2023-08-06 18:15:51'),
(302, 89, 'Printing Absence Due to Injury or Illness', '2023-08-06 18:26:05'),
(303, 89, 'Printing Absence Due to Injury or Illness', '2023-08-06 18:28:17'),
(304, 89, 'Printing Absence Due to Injury or Illness', '2023-08-06 18:30:02'),
(305, 89, 'Printing Absence Due to Injury or Illness', '2023-08-06 20:03:01'),
(306, 89, 'Printing Absence Due to Injury or Illness', '2023-08-06 20:05:16'),
(307, 89, 'Printing Absence Due to Injury or Illness', '2023-08-06 20:07:20'),
(308, 89, 'Change Name & Date of Birth', '2023-08-06 20:08:32'),
(309, 89, 'Printing Absence Due to Injury or Illness', '2023-08-06 20:08:44'),
(310, 89, 'Printing Absence Due to Injury or Illness', '2023-08-06 20:21:43'),
(311, 89, 'Printing Absence Due to Injury or Illness', '2023-08-06 20:34:02'),
(312, 89, 'Printing Absence Due to Injury or Illness', '2023-08-06 20:35:50'),
(313, 91, 'Create SecretQuestion & Answer', '2023-08-06 22:07:00'),
(314, 91, 'Create First Setting', '2023-08-06 22:08:36'),
(315, 91, 'Create Vocational Trainee Setting', '2023-08-06 22:08:47'),
(316, 91, 'Change Student Infometion', '2023-08-06 22:13:00'),
(317, 91, 'Change Student Infometion', '2023-08-06 22:24:00'),
(318, 91, 'Change Student Infometion', '2023-08-06 22:41:28'),
(319, 91, 'Printing Certificate Vocational Training', '2023-08-06 23:04:15'),
(320, 92, 'Create SecretQuestion & Answer', '2023-08-07 00:47:11'),
(321, 92, 'Create First Setting', '2023-08-07 00:48:04'),
(322, 92, 'Create Vocational Trainee Setting', '2023-08-07 00:48:12'),
(323, 92, 'Change Name & Date of Birth', '2023-08-07 00:51:26'),
(324, 92, 'Change Name & Date of Birth', '2023-08-07 00:53:12'),
(325, 92, 'Change Name & Date of Birth', '2023-08-07 00:53:34'),
(326, 92, 'Change Name & Date of Birth', '2023-08-07 00:55:52'),
(327, 92, 'Change Name & Date of Birth', '2023-08-07 01:10:56'),
(328, 92, 'Change Name & Date of Birth', '2023-08-07 01:11:57'),
(329, 92, 'Change Name & Date of Birth', '2023-08-07 01:16:57'),
(330, 89, 'Change Name & Date of Birth', '2023-08-07 02:57:58'),
(331, 89, 'Forgot Password Recreate', '2023-08-07 03:02:02'),
(332, 89, 'Change Student Infometion', '2023-08-07 17:16:48'),
(333, 89, 'Change Address & Tel', '2023-08-07 17:17:32'),
(334, 89, 'Printing Certificate Issuance', '2023-08-07 17:18:09'),
(335, 89, 'Printing Certificate Issuance', '2023-08-07 17:28:07'),
(336, 89, 'Printing Certificate Issuance', '2023-08-07 21:28:09'),
(337, 89, 'Printing Certificate Issuance', '2023-08-07 22:13:41'),
(338, 89, 'Printing Certificate Issuance', '2023-08-07 22:20:19'),
(339, 89, 'Printing Certificate Issuance', '2023-08-07 22:23:20'),
(340, 89, 'Printing Certificate Issuance', '2023-08-07 22:28:33'),
(341, 89, 'Printing Certificate Issuance', '2023-08-07 22:31:43'),
(342, 89, 'Printing Certificate Issuance', '2023-08-07 22:40:40'),
(343, 89, 'Printing Certificate Issuance', '2023-08-07 22:51:10'),
(344, 89, 'Change Name & Date of Birth', '2023-08-07 22:59:46'),
(345, 89, 'Change Address & Tel', '2023-08-07 23:00:08'),
(346, 89, 'Change Student Infometion', '2023-08-07 23:00:41'),
(347, 89, 'Printing Certificate Issuance', '2023-08-07 23:01:12'),
(348, 89, 'Printing Certificate Issuance', '2023-08-07 23:05:19'),
(349, 89, 'Change Address & Tel', '2023-08-07 23:09:22'),
(350, 89, 'Printing Certificate Issuance', '2023-08-07 23:09:37'),
(351, 89, 'Change Address & Tel', '2023-08-07 23:12:18'),
(352, 89, 'Printing Certificate Issuance', '2023-08-07 23:12:36'),
(353, 89, 'Change Address & Tel', '2023-08-07 23:14:20'),
(354, 89, 'Printing Certificate Issuance', '2023-08-07 23:14:34'),
(355, 89, 'Change Name & Date of Birth', '2023-08-07 23:17:29'),
(356, 89, 'Change Address & Tel', '2023-08-07 23:17:57'),
(357, 89, 'Printing Certificate Issuance', '2023-08-07 23:19:20'),
(358, 89, 'Printing Certificate Issuance', '2023-08-07 23:20:25');

-- --------------------------------------------------------

--
-- テーブルの構造 `users`
--

CREATE TABLE `users` (
  `id` bigint(20) UNSIGNED NOT NULL,
  `account` varchar(255) NOT NULL,
  `password` varchar(255) NOT NULL,
  `master_key` varchar(255) NOT NULL,
  `second_master_key` varchar(255) DEFAULT NULL,
  `iv` varchar(255) NOT NULL,
  `secret_question` varchar(255) DEFAULT NULL,
  `secret_answer` varchar(255) DEFAULT NULL,
  `last_name` varchar(255) DEFAULT NULL,
  `first_name` varchar(255) DEFAULT NULL,
  `last_name_ruby` varchar(255) DEFAULT NULL,
  `first_name_ruby` varchar(255) DEFAULT NULL,
  `tel` varchar(255) DEFAULT NULL,
  `post_code` varchar(255) DEFAULT NULL,
  `address` varchar(255) DEFAULT NULL,
  `birth_year` varchar(255) DEFAULT NULL,
  `birth_month` varchar(255) DEFAULT NULL,
  `birth_day` varchar(255) DEFAULT NULL,
  `admission_year` varchar(255) DEFAULT NULL,
  `admission_month` varchar(255) DEFAULT NULL,
  `admission_day` varchar(255) DEFAULT NULL,
  `student_type` varchar(255) DEFAULT NULL,
  `class_name` varchar(255) DEFAULT NULL,
  `student_number` varchar(255) DEFAULT NULL,
  `school_year` varchar(255) DEFAULT NULL,
  `class_number` varchar(255) DEFAULT NULL,
  `name_PESO` varchar(255) DEFAULT NULL,
  `supply_number` varchar(255) DEFAULT NULL,
  `attendance_number` varchar(255) DEFAULT NULL,
  `employment_insurance` varchar(255) DEFAULT NULL,
  `created_at` datetime NOT NULL DEFAULT current_timestamp(),
  `is_deleted` tinyint(1) NOT NULL DEFAULT 0
) ENGINE=InnoDB DEFAULT CHARSET=utf8mb4 COLLATE=utf8mb4_general_ci;

--
-- テーブルのデータのダンプ `users`
--

INSERT INTO `users` (`id`, `account`, `password`, `master_key`, `second_master_key`, `iv`, `secret_question`, `secret_answer`, `last_name`, `first_name`, `last_name_ruby`, `first_name_ruby`, `tel`, `post_code`, `address`, `birth_year`, `birth_month`, `birth_day`, `admission_year`, `admission_month`, `admission_day`, `student_type`, `class_name`, `student_number`, `school_year`, `class_number`, `name_PESO`, `supply_number`, `attendance_number`, `employment_insurance`, `created_at`, `is_deleted`) VALUES
(31, '0ME9RYa7z5n1umV2maso0A==', '$2a$10$1CBFMxlneTjyD76Gi97SjO1QG0alfHPj1e5ZHEvhQC1UvI7nM.L0y', 'naQhXlmcKybusZcRw6Z+vQ4sUA7Xnplkv1P/KqIc2DD5Ltjqa1pv0tAHJgdq8H7t', 'pRM1nteCpaUXAdOauD0YqqN1euBo79Dkp9Qqte2qxd+RKhqdNDe3Zfij7R5YRuch', 'pDeR32sXi+wHcAM9tP0qhA==', 'RfVdvXhmcUtmtmSEmP1/ag2LhKFhbUmnLYjwm6QgpDLPViLKxyVOBX83BG25F9MT', '$2a$10$oXMY3zKowOtTftsp8GOI0uocqNKlRugzHWNJFFQVdtk88kPp6XWNS', 'BxOZWKOwdlhW9BumDF/sLrtkUKmNphrw9ySlSjAFjgg=', 'izRjVqyxOzeH66eXfONTcLw9/kh+JPyp3ey1UlJffgk=', NULL, NULL, NULL, NULL, NULL, '0LuIpf6TnfjDk6JxnFE0SokYMscDms9RtLi/sYKcIJ4=', 'i7F3eld4Eke3o0JeaE6UFW2bBDOaWVyCMPXK1JrFLhM=', 'i7F3eld4Eke3o0JeaE6UFW2bBDOaWVyCMPXK1JrFLhM=', NULL, NULL, NULL, 'FDA9FLVnI5KdGC+RfA6MXY7YrV+84WIyMW/YamaZcZA=', 'oqImun/Utl/oUNKMx2NFMMuBZYRt+/W0821sEnTVu2w=', 'MH/qLCYZm1BOMlsqRutdbmoK8zmSugcZf38ckOjWUc4=', NULL, NULL, NULL, NULL, NULL, NULL, '2023-07-22 20:49:18', 1),
(32, 'B2jVBbSp2+BK4Oy4u6OArg==', '$2a$10$H206HXRKKeTcT/ZpkEOtG.seWfFbz99OYx.n6x8Ahe1OKXm90XqRS', 'IcmWtPe3xeObxRTiBgIAX2BadPbhX7oXtMyw7xaMnb0+JvsbA02k30OCV6Qns0E+', '8OuWUujj5I7nyeeFEX/jnzRrgyNnLlLfX+fw/lS1BOQbEc87GP3Dr0ApvdVHb0RC', 'eNWZ5T96MV0Unp4hf51x1A==', 'NLvlOHG0Ma7n9UJfhq1XCgN9vQRi6FlssahpsxAEvH40/tBQiUtSmAVrxJZPqQH9', '$2a$10$qehCQo2iK7v69AnSuiyCr.AIKKGC6MoS0UtR.UpuzqxtwzC/Uc7CK', NULL, NULL, NULL, NULL, NULL, NULL, NULL, NULL, NULL, NULL, NULL, NULL, NULL, NULL, NULL, NULL, NULL, NULL, NULL, NULL, NULL, NULL, '2023-07-22 20:49:35', 0),
(33, 'eYdB3/YRGPA+FGcAXoUFSQ==', '$2a$10$p/sHYkP0.HR.WE0dYDk2HOWdA88I6rFSxNyC.oC1SG4xvY2uhljIq', 'ss1Q0O/5koopJmZegsXz8qnZ1s7623QdKBUVLR8zDp6yJ51GFpNzW426THjDw9PU', 'ASYVn6LnSPD+KU6a+V0KE65jLKICvn2ijwTKhSm6h9le6Rj7fyw37NRT8+zY7IKi', '7qTFlbevO1NyTwtrrAaRJw==', 'xSiO4vF/4RV5hcgaQKmLJIT/F4qNTYjmAtmLOXlDp0e9xsd5Ha1QpWu3ObbdYCfw', '$2a$10$5m0cQZpsW/0gu8b3F65k4.aYum3lJX0E47Nx1jju8ufkvZiwUbPeu', 'R54BFqQPOPiQHsyitflTo++7lroqRblBUjmHPxJRBuk=', 'JXJzPEuumlk5I79RwGbzAM61XBuQjYG/Eb4Vyi2x5l0=', NULL, NULL, NULL, NULL, NULL, 'HUwPtoAuN1nzPHGmvuMvNPz/eArNivzYNY894JBMLzY=', 'vgn79BxdkcpXFgeIuO6RzZ4woVwrg3DZhMdbSSmYNXg=', 'vgn79BxdkcpXFgeIuO6RzZ4woVwrg3DZhMdbSSmYNXg=', NULL, NULL, NULL, 'hsR6xuxEbAjwuRYaTMn11l3nBtgdqT7uigadrJD6hbE=', '/fgvq9ie4YSc7CEm2PIhwtL9YX0uL+M5wHA3Yyfp/9BZohoPB68UgwK/vo3OFNWQ', 'GnOirz6bVTMd88+Hmd+/lEZL2sqmnk5jv6wQUMwTSxE=', NULL, NULL, NULL, NULL, NULL, NULL, '2023-07-22 23:02:55', 0),
(34, 'BviIlLA2blZYHTJ4/UGBPg==', '$2a$10$8beQzG.wgXWqCUHN9wty5ODIQdIXm6HLx6EfyT1.7gKm3UCZqh9Ka', '5XJehkODbTPqY7IUMGmuj3VqVh2KmMUFF8JqNgpqUMYv7bkJCO6rnvqp4RabVkKb', 'Jge0Ety93iyeG/cy8qtFdgFbQIr4VYbwi9wdgPVaUkc8YpusuAniywQqzWa8j6fV', '4rkfUUDaynLs4MlT9JyZkw==', 'BPT7GUP1lVbfDmZ65KoFZpovP6bYLXrd3PyirVWzyvjTgRikWVniaoBzmPnKis+U', '$2a$10$anavz0GZ1rl80kq22i9l0.HkinNNIvOVubUGFgNaZGuhOyg.m0CL.', '9eb13SyIx/KBqoGuRuffzZbvrR110vQU0SptUflXaMI=', 'Dgc+4TA7pZnSU9r+2uNWpKX2m4jeScIRNDwb1kOUUEU=', NULL, NULL, NULL, NULL, NULL, 'TshplsYoSzalHM2INcJyDR+1Re4+Rt/+T6T2ru+YOLk=', 'Hts+wgx/u9lM8RQ2bJ0eqB2Hdo4GDiAxRvHeXgbuaE4=', 'Hts+wgx/u9lM8RQ2bJ0eqB2Hdo4GDiAxRvHeXgbuaE4=', NULL, NULL, NULL, 'QOtpq/vjtoRmwYTbxhfnItuEbapvFmtTLYIEobr19/k=', 'K6k4gLWh1/QJIM2mjHN6nTYv1LAJ79GdDsD3o4U/7+U=', 'rdyr9VWpiydTDvzfL+4O2HQbgawVK5CA3i728heNr7w=', 'Hts+wgx/u9lM8RQ2bJ0eqB2Hdo4GDiAxRvHeXgbuaE4=', 'Hts+wgx/u9lM8RQ2bJ0eqB2Hdo4GDiAxRvHeXgbuaE4=', NULL, NULL, NULL, NULL, '2023-07-22 23:08:37', 0),
(35, 'TIPSr6hB48TQ9KYqaWEw/Q==', '$2a$10$PxIom2h0jVgvwQn/vxWfuel3kUZq32Mnvckgi2uVYj.bnTdp.j1e.', 'njD3I4mq0SpbLFngyW2f3/7w2KAr1U+AkCJ7ZHNwBQPHOmXw2hVUSdlaeVAGR7ZQ', 'iRXvMF66VPU5CGzEBFjQcmxNKeECplEAy71JJndhkhRhiXyXA3WWQN9ucT0KQJxk', 'PXQEso1VAJleYLu4Q/VDmg==', 'ZFCdT9squR7JMEy2V1PYD1KYU+c1xI1rUZmn42ffcm2GRXy06NS50kaKW9YlFsTz', '$2a$10$eSRToSe02RCowuZ5DzuERuv5TwLtzTVtArjxkSJ7QocJBun9YR4Wi', NULL, NULL, NULL, NULL, NULL, NULL, NULL, NULL, NULL, NULL, NULL, NULL, NULL, NULL, NULL, NULL, NULL, NULL, NULL, NULL, NULL, NULL, '2023-07-23 11:59:45', 0),
(36, 'd3xbEPmAps6HpaFcPKlVMw==', '$2a$10$EusdIJXhvaP7j2UDCtvnIunZFjW..nKVkNR4VhCEhWXEZoKC9ltaW', 'DFXb61wjFcxH0EclG1fua5lDnSDQrudfBaSs7PEzNVZBbc/yVUfHGVxBMNhVs5oq', 'ebgGtZK5oXuFdP+2iKeQm79pa0GxmXLSpyxVqgdjTW2dI3x0FXo7NcporeC93TRi', 'VjDY52YVeOpjddlNF5WOIw==', '5Ujsf7lb8rDzqjr2yqSjxF62nX+N2znY2bREpI8CQwk8VZWOewYi/N39sLm1VOvj', '$2a$10$5BV8qknvxwvBpelajhx7OOJLThqsae1gCVOb0lmomWGw/qng2ThVC', NULL, NULL, NULL, NULL, NULL, NULL, NULL, NULL, NULL, NULL, NULL, NULL, NULL, NULL, NULL, NULL, NULL, NULL, NULL, NULL, NULL, NULL, '2023-07-23 22:38:34', 1),
(37, 'U2MZyGFRf0XhzJYvY07DBA==', '$2a$10$CB6pzKXMBWeIlGshne0AOuHsw6UXsDJ7/wiBhND2gS4HQ4B4PCS.G', 'Yu/nxDI4voh2dYCmviy4up1ykSsw9byiVBERkW+zzJFNlQOeo591+aEPIwEBEUJo', 'BfMoiezW0rH5iYPvEH6ZATYGopFrxm6vNLlJ/u3JzsLCrj8fTE+MsSxWmg1SsG22', 'BihzvtTAESlDD43VfnFWGg==', '9W3ybTa+IS3rR3xk/M4q6xyLKRKSmX33d3XBexswu7diGW3Xn2C3TWyLiSVhkJIO', '$2a$10$ktahwxuJaWaw5ZvT11P.YelpHoeEYCdIkCkkeCWfHAYFAaEGprORy', NULL, NULL, NULL, NULL, NULL, NULL, NULL, NULL, NULL, NULL, NULL, NULL, NULL, NULL, NULL, NULL, NULL, NULL, NULL, NULL, NULL, NULL, '2023-07-23 22:40:37', 0),
(38, 'B4c7TOT2tLQcPsFIHKmNdQ==', '$2a$10$Gweun1sn9/QkTs0wnka.qubEUlKJv1ITRD8cAlH0QAVq8ruxeUhT6', 'Ukvj4pWaC6+7WnW/x8mdPQA4l7rsHBsABYZVKhQXOhVZaaavigS1eFLvxgiagkex', NULL, '39BQxiJ2bn7cGIhmtaTH7w==', NULL, NULL, NULL, NULL, NULL, NULL, NULL, NULL, NULL, NULL, NULL, NULL, NULL, NULL, NULL, NULL, NULL, NULL, NULL, NULL, NULL, NULL, NULL, NULL, '2023-07-23 22:41:07', 0),
(39, '3JJDcgtYXBkhuttDw6o8uw==', '$2a$10$5iFqcwzD0rjhkF9GdjXcRucYfDMC3eSJtDn4fHS1SzDM.5Ir9VfCK', 'nQzKS+krzZKNvLVegrF3+ilnBOtLKLnkcJ1JLxCufPx/c9JUweQ0AHTLN+S3MbNx', NULL, 'i+Dj9Jo7+8n+hhD57y6DuQ==', NULL, NULL, NULL, NULL, NULL, NULL, NULL, NULL, NULL, NULL, NULL, NULL, NULL, NULL, NULL, NULL, NULL, NULL, NULL, NULL, NULL, NULL, NULL, NULL, '2023-07-23 22:41:35', 0),
(40, 'tQcf/Dpk1pqVUVNRum/Ngg==', '$2a$10$kqgoutcWnLe/2UeRTempqOFEL0GjFGJp/fpZBZVxBEQrsuLUPYI/i', 'FmtGhF4ggzsrV8Q0lCKJv+BtQhru9oed5OJ4mI9Wj9IcVlyqN+0HAZ6wouovx+Xh', NULL, 'IhEI6JpK/JZagZEHwtuc+Q==', NULL, NULL, NULL, NULL, NULL, NULL, NULL, NULL, NULL, NULL, NULL, NULL, NULL, NULL, NULL, NULL, NULL, NULL, NULL, NULL, NULL, NULL, NULL, NULL, '2023-07-23 23:34:34', 0),
(41, 'GPHB89g/EAgkT7bB+DopVQ==', '$2a$10$stROJg.gweU6wlnz1yDkWOLk6YxKdIcp1Rvq0hSPePFcjKas9IUoC', 'fjlgAzBtMljm9etbjF9ZlhYFmz1rWOmzJ4EAESdEL6n2Xt4rg368707rjIwVVu9h', 'r1BBlcC9S/iwKkepY/yFjCi0MjhMizy818KyT/haI7di5SM/Ixvs39tu6sOw4ucr', 'o78JDXMm5Oq2VTjvydmuYQ==', 'ToU0SxSeLXQsYQ1STKaPJpdE0DzOIe09+51Ylk04YnMpiwk3YNr3j4+h30nzDXZY', '$2a$10$0bc0T20m59DT7RWREKZKee9lU7g4yIiQhAafbvVfYb8ulAGlqzqFu', 'Mi8UAc/JcT2crASBajoS/I+1vXPF8CQtjWNMgYseAbI=', 'UMhOyX7kyLMGs9um2D/sbHNYiFvMlRzEvsBaCieOjZw=', NULL, NULL, 'RXFoOPbOG1ZyEetb9p733C04M/qDUQBdrlQFZZLLZzo=', 'XlKXc4KVrhTc0io8D8I4nN9+WJiY1dDQxHcE4kNakJU=', 'VeeUUkAdxMU90unHztUxZzU2alQ21RY0v2kf5gLFGOhc08qaJstWaxBIVW30Xz9SoC9RD2rC04iwuD/y+DmERrgXAr7gb5WqkeeWqGQk1vE=', 'aJxowFI8BzZ8cpvFdwRlcCm9rtwFPEQ3KkPkapPCXAc=', 'w8O4QCjBRhTTL0IT5U9UuIi2R7u+IvpUISSLNqHAfS8=', 'w8O4QCjBRhTTL0IT5U9UuIi2R7u+IvpUISSLNqHAfS8=', NULL, NULL, NULL, 'Ega1/MSPxzDnrbFVnvumNU7hGwwSaBLh/PngHXELYLw=', 'KGnV1x2IAXAYVh7OnEi6RB6mpT8o0Kgxw5YJAMwluGs4VSRnBx7C0lOjaE7xxdpE', 'Dn4fj1nRxjvle5Sea3O88YBYqaNciLm8Y4cFd3d4yoY=', 'w8O4QCjBRhTTL0IT5U9UuIi2R7u+IvpUISSLNqHAfS8=', 'w8O4QCjBRhTTL0IT5U9UuIi2R7u+IvpUISSLNqHAfS8=', NULL, NULL, NULL, NULL, '2023-07-23 23:35:00', 1),
(42, 'lwtfDwuGbsWdJQLveEmDIw==', '$2a$10$bPDNZDlg94Dtij83voq9A.ayt5vukFo1/eXYHlHmfd.TwuGvxXI32', 'XGuq8RMyzno7hcJaAf7hR/pSbyN61NAaoBx8kuIVGutP8U9Y5Tevx9mqs6MPqBYL', 'RghZZ/nkJzEpXpxGtP3Czfd/EMToHTKoyk+K6KCi8H/3CHex4E8GtNXZD3wQvoq2', 'Z21/N/Ndz57e1jwBVp2AiQ==', '22t6lQUvGI6aBgfVGIRzPRqUuyOE9iYHK0F8u+rbmUMKXq3oFSkdj2LLE64e97US', '$2a$10$VtcN5zFTm48m7A8vKVPCWeBXGg/xB3146LCcNYgou3Xg/xT0sNci6', 'pvcwSJBsRLu5xP3qoloSvEdSffZRefuR3Az16oUbqaM=', 'pvcwSJBsRLu5xP3qoloSvEdSffZRefuR3Az16oUbqaM=', NULL, NULL, NULL, NULL, NULL, 'UrU8DtA3kW/pqZyeypLAtaACVcCFi4ioWB5mzg6AAbo=', 'EpF6cQkHVvmXSLcHoiKYJTF57V/THYE/DKYMkC78idI=', 'EpF6cQkHVvmXSLcHoiKYJTF57V/THYE/DKYMkC78idI=', NULL, NULL, NULL, 'mOMsP+YpxLV3o8OePz4mYVAPghwPoUnifly6b2Faudk=', '5HUZTRVrnGRG9J66VTWHZNVCvOgi9bUDyc+uZPDK0aQ=', 'i9/fcgUDMBRD4sSGnmmGokGFFjj88wbAKFoW11mgVVo=', 'EpF6cQkHVvmXSLcHoiKYJTF57V/THYE/DKYMkC78idI=', 'EpF6cQkHVvmXSLcHoiKYJTF57V/THYE/DKYMkC78idI=', NULL, NULL, NULL, NULL, '2023-07-24 23:51:33', 0),
(43, 'dJuXnP0J9Etzb7sdzPNa9bZjekM8tMLnvO4GIp/tOj2QjS1bko3oiLzOUKLHmeZG', '$2a$10$5AHqFtxk.NYZ5tYXXxvo6e7uO9bswrx4lXDELQBuDaQ2llsoKFydC', 'xdPA3rPXwH7iVN4+kTzM+MlA/KcTL5zHdD8WniKyJ0AbIl/Qj+eNCDezNmcQzXnC', 'xdPA3rPXwH7iVN4+kTzM+MlA/KcTL5zHdD8WniKyJ0AbIl/Qj+eNCDezNmcQzXnC', '5zLt3t7VTFhdokphvLZCDw==', 'K5RJjOAhrqkWNa1rTvDyh8oXpO8xK0pGlSEYWhXUIeWgO2sqKIzw020AfVPAEhxp', '$2a$10$jx1NhMBoaKyg7uw1D1C19./lXo3rtgYAn5tS8OIwNnoccIkEo5lLe', 'WfJmZyN+6NCgqfMAS41FGe3cKrYM8clYJ5voguzy2t+tOSyuH7k+MsomK78t8OQDgJQoRN8KLuqaL/0mlNlhr+1p0im9uJdB0eunBMevKxM=', 'WfJmZyN+6NCgqfMAS41FGe3cKrYM8clYJ5voguzy2t+tOSyuH7k+MsomK78t8OQDgJQoRN8KLuqaL/0mlNlhr+1p0im9uJdB0eunBMevKxM=', NULL, NULL, NULL, NULL, NULL, '51q4PzfxkUucLsuIk/QsLOLe5zmMx1O63CKPQaWnJDI=', '6PwsRtPvf/QA4mgXsdtfWpBkVUTY0zm7ClRsmXbiE2k=', '0OoUJRn+IoS+2kE5fK3vRSUYN2NJRzSAYhdHzYL/DTI=', NULL, NULL, NULL, 'mPZCm9w+V5vm0Zc69U2SxizgqoIDdeidIDMwdsyeHzU=', 'WfJmZyN+6NCgqfMAS41FGe3cKrYM8clYJ5voguzy2t+tOSyuH7k+MsomK78t8OQDgJQoRN8KLuqaL/0mlNlhr+1p0im9uJdB0eunBMevKxM=', 'F1SgLJtuACKXLQUjCoih6DrTxnoCiraXHCDERQth95A=', '6PwsRtPvf/QA4mgXsdtfWpBkVUTY0zm7ClRsmXbiE2k=', 'Pb8Eu+AekL+OHs5OXvzif4AzaK+xiWaQEeYSc9hU+UI=', NULL, NULL, NULL, NULL, '2023-07-25 12:41:37', 0),
(44, 'dJuXnP0J9Etzb7sdzPNa9Z/Kk5ZATXFyVHQqNVzRx4mFNn2iIwQaSYoSDlqtTL0/', '$2a$10$XTzaOltisn91MV7OYkwVEOPh12dGgjjIysc.nFm1dTm4O5/sx8VV2', 'KhYUP6a8ooT52H+JjxDCFjVQ02OalxnsTACGs8wNRc2Vjg82b6LAFNY6KAtP8nXC', 'KhYUP6a8ooT52H+JjxDCFjVQ02OalxnsTACGs8wNRc2Vjg82b6LAFNY6KAtP8nXC', 'g3JTJ7Nr2AiTYbuBCNfgmw==', 'eIdppw8CEF4vB4Cd/IepANOnTw2BrMKBh6Rubw4f+kmOSL7PIYqV0h62zPnv1cp0', '$2a$10$vC5yFNa1uHvXfyUmpRf9XOSBR5/WgTZACIs2rcH604rWaaCiozPE6', 'TqxfgNbc5ouwi24QfLwQGx8QUe0duyY8n/ZmrsI1nNaTD5puQO6ZZnnzYfojQ8e+mjo0vgEgLQ6hOdvh+QbhN3lMgwbZdE8ZUbke4jUKplQ=', 'TqxfgNbc5ouwi24QfLwQGx8QUe0duyY8n/ZmrsI1nNaTD5puQO6ZZnnzYfojQ8e+mjo0vgEgLQ6hOdvh+QbhN3lMgwbZdE8ZUbke4jUKplQ=', NULL, NULL, NULL, NULL, NULL, 'K1TC/q+rgKYyBna4TsEqBYXmpfskJCkVakyQ3hGS9dQ=', '+6m6LZH8bA0kh1pTaljQYhjSRiJL/JpLy5xIWSO1Qig=', '+6m6LZH8bA0kh1pTaljQYhjSRiJL/JpLy5xIWSO1Qig=', NULL, NULL, NULL, 'YsCksknXxOPxH9FqfAHmCqvObLin1kGPVIwvjPW1nG4=', 'TqxfgNbc5ouwi24QfLwQGx8QUe0duyY8n/ZmrsI1nNaTD5puQO6ZZnnzYfojQ8e+mjo0vgEgLQ6hOdvh+QbhN3lMgwbZdE8ZUbke4jUKplQ=', 'ZXso+rY7nG1dgL9HjLEDyWZ5B601616ArCnd9SOyHKM=', '+6m6LZH8bA0kh1pTaljQYhjSRiJL/JpLy5xIWSO1Qig=', 'uw0DAMLnbj/OZgDIAC12avpb7rH9yIGjytL+A8EOOtw=', NULL, NULL, NULL, NULL, '2023-07-25 12:47:43', 0),
(45, '65Bu18UDepHViw0/+ayMVQ==', '$2a$10$hoF6zNYdtcu8bCQ53KUPDOQRhmFAcTMac7c5GqUkTf6HZ3I1Neuba', 'QPQfWVZtnSyqVs5TvwYqNr8Ju+ArSvyWzgvIVdXhM16+ZvzlBLIBiMw007d/EJUP', 'LjXKrtaptuJP4fqAoMV1dsamBBOOTvLn1DfTuCbZqLC9qxh/JeOKE/uJ47/kjJnu', 'ZnDAVdg3RI0JFgwhxEJ5AQ==', 'Reh++MWvzZdzYFabajHNfu0vpbDRqPoldkU1PVk6RS8Lsj8hzAFVvmYwcH/vdtzA', '$2a$10$BnWhIfNDUJLib3tOHHqvau1i8MCYxToS6Bl60JSqL3S7wFhQhOrxK', 'FyMXuDrH+nC2KRkEAzMxZqJqIkVU6iiz/VLMdK53hh8=', 'agsC/CO1i9Fe0WziqoPFLIJlaHciFzDEaw8KsioxTTY9qLlNPw9mgvySxSHoTSLH', NULL, NULL, NULL, NULL, NULL, '8/DEY1QX61h0AfI6UdD2Rd8Uufv1nx+fgqsE+p0diWM=', 'Ian7htpSwlCcddfDQQMf2BM3HMy9lmgnLTxnBSIC8IQ=', 'Ian7htpSwlCcddfDQQMf2BM3HMy9lmgnLTxnBSIC8IQ=', NULL, NULL, NULL, '7oftQcipFyxBSb6XAk9jo5iyBCJ3dF8V1y/m/9kAo0g=', 'OjmN61rOp5NDIIHWDymWWMzaym5hW9CPJzeE63Jf/AY=', 'GF/csk5eZ8jSKE++6+HlupAzDXTeiLs1ZCtQ+mc9GJg=', 'Ian7htpSwlCcddfDQQMf2BM3HMy9lmgnLTxnBSIC8IQ=', 'Ian7htpSwlCcddfDQQMf2BM3HMy9lmgnLTxnBSIC8IQ=', NULL, NULL, NULL, NULL, '2023-07-26 14:15:55', 0),
(46, 'q/58v8sHTSR3pwT36yVmsA==', '$2a$10$5g10DftOfFNQCOWa21U6oO5Yg6vxGobhagq27iJpV/p6pEOiRvBMC', 'FPfA45OmWPXfz1KTlvcZGH093pp9jFUpQCirRSliSRhdutAvF+qgdgBalSDLf5oE', '7mc+ijNhyLqg/rs3bqfB2X5UmSFq3Ym9ejEoQG3La7zQw4RrG02SNF/fbN2PCSWq', 'D6weRHBcU/JP9vJUjObVKg==', '/UvCSa3h8m1ROFr1otNbqSY5me9pwKU7SCh6qGG6l/JOssTk/QfveJ9+Yv/5tT2X', '$2a$10$ljkUAkRWp2o9BwfETuDoa.8GflHQo6rgfdz1/.9m13FF248ArsCfi', NULL, NULL, NULL, NULL, NULL, NULL, NULL, NULL, NULL, NULL, NULL, NULL, NULL, NULL, NULL, NULL, NULL, NULL, NULL, NULL, NULL, NULL, '2023-07-26 22:11:31', 0),
(47, 'P9rRVDMv3Pwa2ADmuu79NQ==', '$2a$10$ntvVancmiG9WrdEhP.lo0u.FIpj6hP6/jH4.BzJUtsRyYfh2H9m6S', 'U5RCQeLOTH5jnR6aGbhAobE02/2alw2kDy193NlIK5qPGcyl5MdkzwWiZId2pNpx', 'S7PtJE4LW/6wliPxd3twmTXIr4GglTflzvARRqJ+26/i0+747XtJET/VpGJRPB2N', 'o5E6Gq7sZLvelh6pFk5pDA==', 'AAGBa0PiPas+e6mybX+cIo8Vbm69pqR//JaFMhNWc8uMgayUKikkLtA+Vf1vACz0qZeePGzPR1HMYRRCd9WngkoGCRcvfnkGs4zxjFoeVLw=', '$2a$10$Vi/RYLhHJayBhUH5mo/zveCg2WwawPElkney8/k9iVjwZxIMcgPkm', 'Vn9EJSC+pgAme2wFnhhllukQ6PKL8lqMiuENyTt6pLc=', 'pWw6F/MZ7DAG96xAPWXUsaJG6+PQMSedLptBHxlBAk8=', NULL, NULL, NULL, NULL, NULL, 'ckZiz3nGsWTyn7NDe8dXah380tE72f0aQs/mNvDH65A=', 'NFyLjySQJbt0kIY4TR6U9NioaYTvKVr8Bf598mKH5NU=', 'q7T1pNRufVdeZTy76NkwdMR3czjKC4aEbpU/HFuoeso=', NULL, NULL, NULL, 'iY/WwEu2VP61WSNWxqv3ZgHCPuU0+mV9dCj0Slyo4cs=', 'uKAoKll05jSJI30RzDA4VsOuE2q0Mu1ytTUuBIpo8n8=', 'aFXjJDt8cf3RnhAOANT2rThiSfnGEXqpdgxsj7uqPE4=', 'NFyLjySQJbt0kIY4TR6U9NioaYTvKVr8Bf598mKH5NU=', 'q7T1pNRufVdeZTy76NkwdMR3czjKC4aEbpU/HFuoeso=', NULL, NULL, NULL, NULL, '2023-07-27 16:52:49', 0),
(48, 'QrtvFLdkSC3ggHv5DIwdPQ==', '$2a$10$fISv4vsEj5RXCGCzz2y1EOPSKSPbYDx6pJ1bj2iN87Uunk3p47I0W', 'CyvbzrkR/db6L5HElto+3iCMiAUKVGGb4NZTeePIbrg1lmpzIk+D17uKpLDi8eCs', '0XxrEWFgZnaMkVrZ5xRAx7hhcEvONVxZTZjO2+r717/NOgHCljt8e+yF/JT/evlF', 'BEXBi3ADDXXjWF4SAAPoZQ==', 'lcRZoA+O3jDMPiegs89T+0lnIMg+DYPk1bxHdYZ/1yIN+S7+p+++jmp5GGBCr6LZ', '$2a$10$XbweecrEAugCY4bmo.syyesFLLNN61K9DA9oAvDpU1w3mvTgOhgLC', 'QVhFFU6Qb7tsgeKT/WE0Usmvzr7p/kAsIHoZFrCKsHY=', 'MGUzK0rT51uzngZWYR55lQhYC0yqFNOJJKn+iAu0dLc+NXDOj8F1IvNIpNWCErym', NULL, NULL, '5tI1MzFa2JusD9Y6XFobmy/afXnpfzhNBzLu0JUHhpY=', 'l4zXWyeWSPUgbMpLAN8Sx1yuqw6M8ENMli4qkSB7RSU=', '4M4rnyAXjZ3Hbf5UJNcaQV+tCiQSjl7gaW+EVM/2WV4=', 'IgEyrjQMZ4C+5kDba42R3EVgZAIxRQcOuiUXnaSkIkU=', 'LFHaeVjVGhQed3ksgHBjVGqUJsgcmwLo8Wr18f7T1E4=', 'LFHaeVjVGhQed3ksgHBjVGqUJsgcmwLo8Wr18f7T1E4=', NULL, NULL, NULL, '2/jEgGCTMgYT9nkfm4D4UfbJJ/MRC510SGgEuDLJOlM=', 'wwuy+NkVeXUx0T54IGqp606LTlNZv/SDO9SLMR6WTUw=', 'UzKT5Q7uxCCwSTxz/7i9YGSFbS0/iczu9uWGH0SR8IA=', 'LFHaeVjVGhQed3ksgHBjVGqUJsgcmwLo8Wr18f7T1E4=', 'LFHaeVjVGhQed3ksgHBjVGqUJsgcmwLo8Wr18f7T1E4=', NULL, NULL, NULL, NULL, '2023-07-27 21:55:30', 0),
(49, 'bfJufWpaDyWXVXxV0dLqUg==', '$2a$10$Vzz77uz95670XFs5Tq7UfueAyNquRZd/jD9EOWmquAGLX4evpWLwK', '2ROgr2BCNrT0MvnQ6T/tHWhUdGkpcGRX88V4pI7BBwvNNXsjnScaZzuC+ci+YgSE', '8g7RIryHzMhUbQFD+bYl8GYwWELvZLlCxLVKVTAJbrGgvmqeexF9C7uPj30Qfhox', 'LLvB4BPg0hFRO/OcfJpqVQ==', 'oKsjrmNPJYrbVZ1yyWRteh6VDXohBvUb6yCDOS/qsy8zLRMcIeBTe2iW/hfZzQK9', '$2a$10$eaQ/dCfO3klmIjEMl8jBZuRC1uRCfLOXEE/ZIiELjaFnbaVtzCG3y', 'lDPqOofATjrzurbSRuv3zrP3qYOyQK2+pHw7hUSr5i4=', 'ZO15jypeQbTf4WbdZoyeQ+PI5xb6WJh6M38wZjHM5zk=', NULL, NULL, '4D8uK3Ly6tm5+1tYVmrHy9eVdVWharCiZJmU2n0NC4I=', '4gN4tWOkh3sF28rII9jNMtHWoh+FExEWx6AVUGhYtw4=', '5clo5pwD7olLqF6nq2X90WdLoPze8NTRYogulTXBbTc=', 'bVz4V/3DKjAJRW9HXxH8U/wxJbBfSY7kiBAX1VJs+7w=', '/+lM15tgfg9cs/PslAZKxwiIKGrcvk5k2G2D7rPao1Y=', '/+lM15tgfg9cs/PslAZKxwiIKGrcvk5k2G2D7rPao1Y=', NULL, NULL, NULL, 'VIGPiVOYjf/VtZYDlPCZqLpfxXaGU4l8QpxYqH4FeUw=', '5clo5pwD7olLqF6nq2X90WdLoPze8NTRYogulTXBbTc=', 'yk62ZzRGHM6xSReR7JQEVa1H8URjuN+V104yGSRhLuQ=', 'QDAkunXoMKR2kga7jz8zIK67DBHKvelVvcNlCVxQDV0=', 'QDAkunXoMKR2kga7jz8zIK67DBHKvelVvcNlCVxQDV0=', NULL, NULL, NULL, NULL, '2023-07-27 23:10:53', 1),
(50, 'RnNl0lXfVm4OIJXeV7MYeQ==', '$2a$10$Pk4uEfGxoK6/SjwRbygQ8udVbCO7PnIlDqIf13jmPhQ.DAFH7aK/.', 'ZBv/XFZhbd1+R+6sVuISGPICEHQRWC87UxI2aC5ttCsMRCya8brUz93Yn7qnIcah', 'uiKwcdo3/YpuWOr1lRKsfFHZLt9xeJPZUw+ZGL3luGTgS0xwb5MiLp/9NqvHCyqg', 'mhgLVyNINFg/ii/nKl0isQ==', 'WzDAG0Jsv3sgOEmzDFjatDFQn/eWY6u3JTrEo1iWvrinaGjl4XWudNYAYFfQ71To', '$2a$10$g07n/AsvpXzugr9jeCAhpOMIR/ufO.WMvjmw2E6juGYD5iI0rMihi', 'f4ooDBy8L7FmQtbzt+MXJ3BmDmNSES5V6JWogQXi1vo=', 'IOxWMfgO40RCBEpNQ8L1eJ4W0VoqrsHF1EG6lsC1hww=', NULL, NULL, 'rt/53LMlYi+UVqUFXIdUyvL5qZ3flk2yeiJ5sPrkZqw=', 'H1l2inSUBjqXQe5j3uoiw+aEUP5EpHJxpeMUuh7j2Eg=', 'qMQaZi8nS/gUefrGvbDQU2ZAAw8/4VbujHyCS7DB99A=', 'wVcSUPQRM8hKcT3eG1WF2vF4S7TLRcBoBnH9NLwtOrg=', '1XfumpEG1WAsTHUWXw4vtta3BW6DKJVL2CmAKxMHVhA=', '1XfumpEG1WAsTHUWXw4vtta3BW6DKJVL2CmAKxMHVhA=', NULL, NULL, NULL, 'rrBodBaMzYqBh5zWE/6ba9TeEzogPqnlhGtjaI+Si1A=', 'Zm3vF/cy2P3B5DXlMHMen/cL+S6WiNxdEd9e5XU5IR8=', 'MCW8OwlYTkWEQmgAvXE2tKKifawJXq/kbbtFVix7P9g=', 'c9ZmtdhwQFJ55zP4KE+sMSQ8+1GlUHJrKQCQpMmqkfA=', '1XfumpEG1WAsTHUWXw4vtta3BW6DKJVL2CmAKxMHVhA=', NULL, NULL, NULL, NULL, '2023-07-28 00:26:14', 0),
(51, 'U8VphF5aTaNv9o5zMrRtnQ==', '$2a$10$tcbwyG79D/0jXRTaGduGfuOIoP921H6Yo797Y2Zbtk7fm/.KHR5Xu', 'c3V6P+F8LIpun7pNHcO0t2KK/SFQq7LeJi3napNqOgZAJf5vc+dJmHpzHIvbid8p', NULL, 'TfJO+0l25wUdaYmQJVLQzQ==', NULL, NULL, NULL, NULL, NULL, NULL, NULL, NULL, NULL, NULL, NULL, NULL, NULL, NULL, NULL, NULL, NULL, NULL, NULL, NULL, NULL, NULL, NULL, NULL, '2023-07-28 00:32:47', 0),
(52, 'BWxpfTAy5ghoVMHX5xWxaA==', '$2a$10$6hsdGOB1h9L.60h1b649NuyPrSQmuhg2cp9KyU.tkYPvtrhPcISzq', 'GDiv44jCdgNlHGF58we0F9mJ5CFl2BAs08Y8K2yPkTD9Hu3BArBTmU7mqhy+pdnO', 'C5FUZkIapQzQS6/W3LPGxAeScXfrT6KX46t+64GkKVFxk+vtvuAp04Pw96YP2U0x', 'M77420H9ebG1CgoyTefSAA==', 'jJXseeR1xAI1I2e+N3MSWEAVFdE+evzu7D29OTFQoLyU29A5Lb3qf8a1k0dykInO', '$2a$10$NHJycTqvZrD1sbYdxUuTX.4KPJBWwghzUazNvfcAXzl7hxy8hzINu', '1IiClSL9ah4ILS8sytssGhCDMHNTKzcUCJDnlkrDU8A=', 'cgsyUYAXIcazjURTSkCIbdG6TS8r9B3DN8elWtiwqBE=', NULL, NULL, 'bnC2+dlYNHHCbB0vgYmMe/XkdupBAJlSXC1SbhgbxSE=', '+pAJKVUEwBSnO4yQKYr38FjLL6yR3xvWMmL4STgnbYg=', 'kthq2ayCl2mc08M/NOZkb3z1n3RBPPEcjULRbcObuMo=', 'Vp+f0VZz7aIO5edZ2VVNec5BIv1uVVhBwldUTqXtrW8=', 'eLGC/HjHCMn6W7sBEIUeO4ZiozizOnUGOjf851Bq3Mc=', 'I3vPyUqvwESx0AiAQaCsknxiuC9VWWRBrnXxUwr7+VI=', NULL, NULL, NULL, 'Dk95Gn217UZdiHI/j7m26dGQ1J9SH8QiCfJTfFauxLw=', 'UEee1+D/Zee+9OYwUp1ZnGs9wSiKrOdqGcq8fI0yrdM=', '9Ct1Ns+R4hp9ZkZ8oJGaPL2dC62ON7Ug4xeX398QFHE=', 'eLGC/HjHCMn6W7sBEIUeO4ZiozizOnUGOjf851Bq3Mc=', 'eLGC/HjHCMn6W7sBEIUeO4ZiozizOnUGOjf851Bq3Mc=', NULL, NULL, NULL, NULL, '2023-07-28 00:38:11', 0),
(53, 'sx3IXhNV7MSLcpMUhXIgKg==', '$2a$10$HyjGOaSBYBB3gPUgAvEBceaf/XOJ4/NanyuzGmmmOFH84hLf0sWJa', 'fcC8yvLkK099qRkbk/Zq3m0Eh08Y26dtcjH9Xl+zTzchFWnhc+pGPK9DzjypuYWv', '9yE5msluY8huEjY6m4n98kXCOzQzfQTG5FJARtm+8zUwsm+ovn/LHKwhJjSgixoq', 'zy56xVLEkh6CCtvzYAHcqg==', 'v4pi+JdEA26oc2Haj2vc4/dKboiFTVbxtEJgIsYgmow1LjzPnpYXHLUzyWSwhibX', '$2a$10$5YIaDTRlnZauaWL.cHKiJOnNWYhjdVPC3xFs8oK1EzWe4oTAqZOHC', 'lD+eSYjh3opHvdc9h4c7gz2jcn7Pv6kDrCN2TLfe49Y=', 'zHYl7ACvRGYDjHGr9t/G7LngcqM934UCxdcBPX2qonc=', NULL, NULL, 'sD7fxaOo80K0bC715SsuLUydgTasO0PK/i4DcbhSoGw=', 'z7vkc1C9XAYJmx1HkPkBT46OlGGOcD/7FSDTMTi/AOM=', 'sBgix298scOVoxJ9ZXTBTo3Tf2lmT4LcaEfLWGztlmA=', '41RQYOEXi9XpNKt+FaHhGqevPe622cIXJu5s58+8V0s=', 'y0c+8uH9rRqIzj3TV0l7bRODEigaOcywqPnfg7CW0bY=', 'y0c+8uH9rRqIzj3TV0l7bRODEigaOcywqPnfg7CW0bY=', NULL, NULL, NULL, 'Fov9vGqaDHEqDQ3jkydTk25zDPG9LOUHd3XpoEUbzAo=', 'hWmCob/DYGzs4FTi7vWuln64qrzYfazZh4Se1fD1LR4=', 'ifL0ICiqNWG6HM/CEkhlWDs5LMj8FwTgWXC7YUwPYDk=', 'y0c+8uH9rRqIzj3TV0l7bRODEigaOcywqPnfg7CW0bY=', 'y0c+8uH9rRqIzj3TV0l7bRODEigaOcywqPnfg7CW0bY=', NULL, NULL, NULL, NULL, '2023-07-28 00:43:52', 0),
(54, '6uddDQx4+r4YMNQv+Vy6WA==', '$2a$10$MkCOCugu.kagrLhKJH2NDOInoe2i0xZ5CvptTaBbUeuNmfC.Aw2CC', 'oX6+PpHVeBrKDicd6CRN5SK9iD8ZwSoR8iMX8GauXJNPrcEGiwcj81qsQpnuEXmO', '+eqHOzSHK7D2Rz/htsoWeiZrHOFAPd0hgx+gdFuHZoHDFqJZ+/rBM6tUGTwLoMak', 'SWrip26BCzp4fGSzgUirTg==', 'UI8wMjScT25sYqRFNtC1PbYghov7+JErnbxxuYPJGi7gI3aNirPwyMOzTyqiCXZ7', '$2a$10$RbsW/etIfH2cS6WY0mj8LejqyrUPG2qj26oCTIPuUmMMxCFFqB/FK', '1h2zfgNSKQHb+LfQEOaIkU29jlfIXFxFpHrj4Mkvcqs=', '2yUqp7D18ocUp1G1ndoksqlwi2DkwczYXNOHWqMjkxM=', NULL, NULL, 'kciGWCFB9cJws5wcVyC8/Y+cFnoDVjI0JYmXwbIVnsc=', 'Xips0upsaXV+wZJJW2XBvsEicoQSB9Zy+vDIb56iFaY=', 'l+r50ScTEkFBuhNA54GCZikPBZNbX5b4uLW3kTx6PqU=', 'Kif31g/3h1r6w1VUDaooG/e5YTLIbueI6r6YUjiYE/Q=', 'VrW6wjcQH/14VaanJL42EhO4VL3tNh9R2gp4R1UWmv4=', 'VrW6wjcQH/14VaanJL42EhO4VL3tNh9R2gp4R1UWmv4=', NULL, NULL, NULL, 'jOXG/0ySIGd91Ou66XQ/6AdcoOHg9vh94PLMqEFzkpQ=', 'TSx9Mqw0v21HkW1qf3SeUp29po4NyXh2y97OCoNJYpU=', 'Hov9RQarO6omzm3fxRyUaG90i/9YGeG3rwsfziU7aLI=', 'gJz1aBhdI+4pKuJfIZryqt3mejjHx2OUhgYfZSJ0Ef4=', 'VrW6wjcQH/14VaanJL42EhO4VL3tNh9R2gp4R1UWmv4=', NULL, NULL, NULL, NULL, '2023-07-28 00:48:58', 0),
(55, '3iKwe7ZtqPoWF4LfaNQNGw==', '$2a$10$a7l0rB5pI/nXvKols7Erqu8EfzdoVttJgru61lkeixc8FMUKIcwVy', 'qtmzx8GgEA8wupc6glXinTjzKQavymlLQthhZi4W3F9rtpgWEMnzMY9Pcf9EME95', 'yCl0Y/8bwccm8s9h9wZzPyBK8ul7OFeqJQXv1d54vwyCbeFhDBiV4eTLSSSiPhVa', '6mqD4IGOlz4BOb8+yRiVqA==', 'yuK4fkQEL6Z0CiyqvwC8XdbtkHDHRq87OonUwD5w2T42wF8glIOLXPvgDChHtUOa', '$2a$10$V9GhGkpCd7kfL7TGY2GOs.LI1PMcAa7vuAXlGW2oqdk8V.1DSWLh.', 'mMDQfj2z2uAl2wkMrxWGUqH0p3SvQbeQfdnez0oI7po=', 'g7+GQ8Uf9Z4p/BVgqjfTVjUZauJVTYzQgpFhPByIFPs=', NULL, NULL, 'BNhhp2lHZpbosPW07vKDY48/L9k6hE8UatmXTJok3VI=', 'nb4A+RG/Gz/y+pqs8645t2KbMz7RyilEdngWefrAeTE=', 'UIvImESYconwH+RDpTR3kvym7uGaMcoMnpscRPOXY+Y=', 'rMdKUA2wiA8kCignrtZbllyUlA3j1cMP08H7+m+skWE=', '8kb4y0jyKE/a8MGJlWd+P2XhHforp1jPr3t7OEcBmqM=', '8kb4y0jyKE/a8MGJlWd+P2XhHforp1jPr3t7OEcBmqM=', NULL, NULL, NULL, 'NtopW8qwYzLjd4ufPam7bxHjie3Bmwl3EC4+0p+BCJk=', '+DJJM8SDRcFvult1BTnR1ie4YNUsBnK0M1ohICCRkz4=', 'q0KhLNwtRU1F47/fuxscYWZMCW0byhybwMtU9nFHZdQ=', '8kb4y0jyKE/a8MGJlWd+P2XhHforp1jPr3t7OEcBmqM=', '8kb4y0jyKE/a8MGJlWd+P2XhHforp1jPr3t7OEcBmqM=', NULL, NULL, NULL, NULL, '2023-07-28 01:09:47', 0),
(56, 'd9HTL2EP3ZxgVaT+yvWQZw==', '$2a$10$NbNLoJGrnRlvS/tkfCg/7uwSyKgMV41pyP5u6QCoY028o/3/QPSxK', 'J3WGBbqK057k/PFRcoj+2bAMJGMcCTWGODAKkB+NRjGN0SJ196aSgGuNm6YpIWHe', 'loPZDftVd4NGDIYVrvUmtEaeesWbESUPPiyNJ5s5GgVjEyHqdGEnv7PUQhxGVWn/', '6Xut4jlsgLaZiKi4wZhJoQ==', 'pZJziSgTWLrjhsWo8jXm6g4CGUC+69xKJ4iofcJn8AQsRD1Snl1CwV1Uzu/dQKvH', '$2a$10$7cQUTt5Qah8rrAQWqX.nteP.K2QmsNLtWOL3ighCzhTfl0gGTzalS', 'Uow3suLENLX2wtKQkYi+YTGc3hOtNwDosmkrjQYjsSk=', 'K4KL6Sk9gjXR2AZF2qH64YeMmglggvIN0RUW+aBuKKE=', NULL, NULL, 'CsZqVMIpNWkEXlg1f66r/XCjFi/z2XNoLg34A6VopTE=', 'smTOoSPRhKibKRCHiCTGqA+CQE6a9FduYMCQT3JIbR4=', 'GS8QL37rDxdIJIiPDDhpX3FzNH2MoWvRZfOa/0Okvlg=', 'pJURJiUdrE5AGZRjSH37LLmtOrWGqXEoyAi1kgxlBW4=', '73hTWqNMHCRXZexoWMrm0mzF3rmdiq/d8hX3NETI2sA=', 'wCtQIF40GP3i8JolcWhj8JD/ZgmrdUFJ1p7MKQUGVOk=', NULL, NULL, NULL, 'jHuSvtmAzXdTACuar9wPeI8NU186t0pbxcTSi9lgGro=', '2ltEq+PS+lmFcOdF6EIvaPVcf0XKxsywRdAqew7UGrM=', 'Ja+qZyQuAMDU1sMOHy90INm0Pd0B2SDwkKO9Ot0oP80=', '73hTWqNMHCRXZexoWMrm0mzF3rmdiq/d8hX3NETI2sA=', 'wCtQIF40GP3i8JolcWhj8JD/ZgmrdUFJ1p7MKQUGVOk=', NULL, NULL, NULL, NULL, '2023-07-28 01:28:18', 0),
(57, 'u3JZEtDo6Mhm6hDttudtLg==', '$2a$10$ikOd9FIoEIgjxjBdSGfTGuPmI76VNF8hx9SA4YVFZdXW.I63PfpKa', 'st7GrbYyIAf/dTPSlCBa13YST00N3r0IM6vThmCtMJGUu55TiznTmLQeKIp9YSj/', 'BTmg8cintPy5FjX+4B/wzJuBxE7ieig5DEwT4tfsvJnTdtO7o6HznuLkwQG8CI4W', 'S3Xx/xcZo73QH5WmSPSyAQ==', '6e1onDfZGGX+m3eh2FtB95ga4IGLQ+FZ+zd62+7DBXEEadOJKgxWOtpJjxyTkyS2', '$2a$10$DUPt9nSLrIyvzg2SYi/Jj.ndsGx.dXg56FNb87sQ0fQj7PMnyBDQy', 'ujnei/tejpaiBgT8tXRCX/QRS5wtYjp6dnzZj4X612o=', 'l03SeN2Yv8VAQw8vzm0unFyuadVJHe1AT/u+pYXHGaA=', NULL, NULL, 'ITaBPQhnpVevJAmazdnEep45R1l/ybdFqEiN/NrA5lI=', '1GFCLi4mTOAq4cx/1Sa1IAq0E8xm6g0x4K2qIR8uUPE=', 'J0P0ku02ihycNnfzvWrw10qW94ckwsySvbpxydNdu4c=', 'M4UNLncQT8mV4cL54/kypepmN7X5YSu1WmS1Ze4W+Bg=', 'ZUGqcgMZS4jgG7+Y4UEVtrBFd6z6YPzrTCtvZp7fpiA=', 'ZUGqcgMZS4jgG7+Y4UEVtrBFd6z6YPzrTCtvZp7fpiA=', NULL, NULL, NULL, 'y2ii5AFc9hqBrJS54ZDCV51maAfgxLq9KVxPOZy0aRc=', 'zgvE8fMHtfv/8l0RMv1Q+RJMbKyKqhLA7Djywd7qeKA=', '+YK939wjSRbV20wYcP8yTZkysf4NHpnPQWKFGCmt3Es=', 'ZUGqcgMZS4jgG7+Y4UEVtrBFd6z6YPzrTCtvZp7fpiA=', 'ZUGqcgMZS4jgG7+Y4UEVtrBFd6z6YPzrTCtvZp7fpiA=', NULL, NULL, NULL, NULL, '2023-07-28 01:31:29', 0),
(58, 'xRUHdkDRETvIJXusfnBfGg==', '$2a$10$x71oHh8Ii4.xx.SrTjTHzeNAQaP/EGO2kpkWOeDe2qlPvLyfZ4iDW', 'DbmHQ+qYOt421M0CxKfJLpgtnHyqCSe8GlnO2KsPmDb/5305E6zhOfuAUYUhNbVV', 'C3EaiZXsHe+RDuuQpym6bMYSYLmm8XJKXUrrHjiWG8C9vCTsp3U/Ww7aXohWLixN', 'NfWzdiF6WPLYlw3EzXbk1A==', 'BjA0HfQjy5dSFCiTi8cCwQqWgGzMSzmnrvQRNs3LoWFem6Im7+QGCtovnl7Ymoww', '$2a$10$pIosWsC.oohQEYXsQ3fuqOuXsBdLax/Ao3j4dglq8xCvUcHaC8maC', 'kYIsr9Y37JlQMsY1QrDY35ucQWEAk8Gz5308gMVubKY=', 'F4LrBKaDBjwBSLSOnnX85drSW67co5yO+lVcD+FIx08=', NULL, NULL, 'TE1h/K9JgiTXb+99r035c3HkGMpERYnw0ggS2pOzNXc=', 't5lk9obOtnuDZ5lUOm6FVVqVIeLrOZxztT6VTP0uC9Q=', 'LSCgmbAJjjKWXax+uV9QpKgTJfVYePgo3PyudoiukW8=', 'YzC/F9ElxDtYJ0usaVb8xChC5z8zOq/SJcA7Gd1YUH0=', 'PkNn0krT3Na16oRbviZB0z/41Rl7oEGtRdcJTbyOtjc=', 'PkNn0krT3Na16oRbviZB0z/41Rl7oEGtRdcJTbyOtjc=', NULL, NULL, NULL, '3DXAQHPEjE7QvO80iEqANrVA1Y7Mgyfsej5yUcWGAng=', 'mpYM6bDXmmtJZ22Jre96B83Uk1ak9MxfgaK5LBRQ12w=', 'dXatJxwQvoIl02QKf4uCbPuFWnPB6PEgreANJYrMy6c=', 'PkNn0krT3Na16oRbviZB0z/41Rl7oEGtRdcJTbyOtjc=', 'PkNn0krT3Na16oRbviZB0z/41Rl7oEGtRdcJTbyOtjc=', NULL, NULL, NULL, NULL, '2023-07-28 01:35:10', 0),
(59, 'FUo1sLTCXE5cr4JHJvxEXQ==', '$2a$10$Gd6O7W0GKpBZVXsjHKXKVO8CBUvCJUwxrydhUMfDbxl4zKyeHmNpi', 'thYewvF8LTfmswdASqjfqcGsXvNrf5MhGPXyVttIIJ3AsqJYpanqBjYApZMHEQqr', 'hHZ9cJFBIhl9+UR/KYwWrmx8RSVqJDBM8BalEhidIQvbiaLLtpRZmkLjNt/D/qRX', 'UMEoH25LudN7n0NLLYTV0Q==', 'u7obGzG4puLQg5i7RJJAKwaIaxJ0pIDdiClj9s3OTs3c0jJTk+QXxyOWRxguTYuF', '$2a$10$phb/7q8Dyox1HUet4tCdZO0LTyYemgsWNOysjr04eN22o0MhmhlBq', 'iCZhJldZqZ/c3tK/jO3z+zJPsESH+ZMeUUB5rzboWZk=', 'ZhV98auMWpxuDxDosEiN/4TQthtm6jlgIwbuJeqBRw0+Z7frLqgvtlqCGEPANoD/', NULL, NULL, 'FoVNS4dZ5KP3Xz6cgjq/5t7fd4T66utfYGcwp9wUGhQ=', '95v0J/Y7Tq4zCZXvCmJyNwKdGfNHDejVbLv0warGGJo=', '3/A9a8AfholQJfhw3Eu7aeMLyLrqg40Q5omNtSxPozw=', 'G1mLVY3NLP1VChYk5zcpArV/kFo1eOhMdYeJ6LLRSq0=', '4vC4RHtJl7BK7b4XTifq1PDmZoGgEGU7DOhZLL1jGJg=', '4vC4RHtJl7BK7b4XTifq1PDmZoGgEGU7DOhZLL1jGJg=', NULL, NULL, NULL, 'ZpDd7iB448kcFvmfxw9a5CNegxegXYivXv6/d+YtsRE=', 'vVDw7Pve8w5LsCJYhkb9h1rnem1OFv2dzeN6fEWRPmo=', 'A6HylDhcFmNJWUW8028TKqxwhRiSZB6JHSOxoCQzCAk=', '4vC4RHtJl7BK7b4XTifq1PDmZoGgEGU7DOhZLL1jGJg=', 'QIF0QPuT+g/Qf7JFGqaCW90TCETeoNONqtqwJAlfpVw=', NULL, NULL, NULL, NULL, '2023-07-28 01:43:52', 0),
(60, 's9P5tkG/wNWT/CkSa6DRcg==', '$2a$10$OlfrIquK4yhtk3mYOV4vtuqPntb2ApH6Mfl24u4C1WRz8nj9JEFQK', '2CbbKRyWM11WRXZt63d2Vx+jqMqzoKprU3pkVhqMm87aEq8yOzSsjw1YhvEJgTdD', 'GpEZ+3ZgAT1pdo+WCPbulLVIGPjHUoKvw/h5Kmrq7eoCaowkrMD8nrFnV2Tgt99i', '/peURZlTiJJ6uKHNHMmYhQ==', 'roZRYYMGQGLZA7oyqbwIewcVZIj+WKCer/XEjDhaib731zWy3AFDxFnhaiXRe4Yx', '$2a$10$6SufjxxGS3k4oFkn17rg4ew5.K8pvBZ668eNyOOki6XQEl/Ru9DT.', '0tN5gIVbAVCQmyZywNyo4cvbUx6VHqMoEXioYk8z23o=', 'EFY5hvJpn8jw+dJbPEEO6Mg06k+5CMod18KCbjoqscw=', NULL, NULL, '6ingFgpwbfQQ2LSrTQREHWcdbl6n0AKs+eXtJ+lHVjM=', 'aSEAnpbyzEfovgcgDVIPXVKSskQuvdwvCIJw2SGhaZE=', 'ptEUt3t2ISEZc+Qfb+TF1t+t4xzgW8GZ07CfoaMJ90w=', 'oOIkchKEKGKNnT4uDld2gBLY0bfCyMWFrgMv8n3Z4EI=', 'Nn5IC7PM/wDKOHkjjyl+e7+wymwrqmGOW77MoQQ3eQE=', 'Nn5IC7PM/wDKOHkjjyl+e7+wymwrqmGOW77MoQQ3eQE=', NULL, NULL, NULL, 'l6Dg7RXBujnct5bsLj0d9upEz0/4Me8A76v/XkyjhUg=', 'RHskKIwHTNsBn5R80a9skOemGDbIPbwiK4EW5761QHQ=', 'HM3v4CEt1b1I2LiWm5vilnUmgijDRllzTM6yYu1dYmw=', 'Ub0leALtkZ1Jn/WJgMv3Vsn1JI0v8wjrtVrobEMmEWo=', 'YPLFoZYSckXGVDLbMH7W1E8WIFcFiud+oeEf+12hoIU=', NULL, NULL, NULL, NULL, '2023-07-28 08:51:21', 0),
(61, 'UKYHNKo9F8q+C1pgF91bcg==', '$2a$10$h5A7mtC3fwYujCoWrQLt2OvIqcKqTRyJr87Lue0.uJ3U.K1QqoGkS', 'Boi6fcd1V83XHLHuJWh7gEs1tZb2iuMFUjUCIStEB26uMIIe7ydtoZNWGmoy55UI', 'KPDObinPBumBkjpfOUT0HaQN1Z8cy2FeYHTBjT6pUKdnBumawSv0rroxF6z/aYcw', 'Wv9SPcE74MA4jV++aXtJng==', 'tFQZzzfRJGTY7+OydjNZghr5ajvvwmXqy5ys1KR3O0LbpVs9xVA8o46yyt8ydOo9', '$2a$10$AlrzRZuk9zJzJkz0iHrGxO0ZZnuZILpn7JlfBwdBO.JyKccNhoRc2', 'D3nN3MjczVBhUM3Yg2zXavmYmQmwvNFsVqhzslN5NqQ=', 'bkAL66ySrFNtUXLZDhO+nhw/H5Nh8x0oq6KMKXV3NSQ=', NULL, NULL, 'htK4urQEZiwUTBydICggUDVbzohpCrI3pwg4/cU1aIo=', 'sW5JK+zg3wZj5C8YY0VlEtRwhD3Nb7/oCH9iUXQZxUw=', 'SW3Ymvudzbem+7z7A5ft2JdFERaBti2NT+1yjoeaYJfb0e14PVtxjybqMkbDKJPsbcdHcKealcXtfDhZQVdp1o2TiQyocXy896hWCDkoVzQ6BmIQBVegvqWQuNaWsyx3NoJz8Djq/vUIgOjQvuHnqUSTLbEuAUjpUDSERU4D7Gx+Xhoima7BZvLlLaSuaMYy/mgsI0XC4T6OmWgGIwcmcg==', '4XN7tr/0qyTznB3CRNtPbE/KDk22LQZintspOSsdaUY=', 'AjJecldcUi1DAX0p2pPZAQkhI/NZ6zqf2deX3wCkBoI=', 'AjJecldcUi1DAX0p2pPZAQkhI/NZ6zqf2deX3wCkBoI=', NULL, NULL, NULL, 'zVQMOKQTt8YLQM6O81/pzcdzwz5uGJaxXlNBOJ1eDik=', 'xyPOTNTi0HZEPS90p9tXjpkkART/QExr04gIaKYYIrajSKYeQG58yzXn65oP8DB5', 'STlpIDF496NYOtE6pIbVFpObClxR14mdV2+q8Pr371U=', 'AjJecldcUi1DAX0p2pPZAQkhI/NZ6zqf2deX3wCkBoI=', 'AjJecldcUi1DAX0p2pPZAQkhI/NZ6zqf2deX3wCkBoI=', NULL, NULL, NULL, NULL, '2023-07-28 16:13:16', 0),
(62, 'dePJVc+cebJ9Wn/bFqMYeQ==', '$2a$10$7y0xoYJ88IF/WpdqfphnYuNIEWrMnyn5J7O3sakA2/8Z1zCflROuq', 'VpsFeLmnkPbggbfbIEZCwx6hsDPPLQdSJFo5QoqKbR2+Upaf0L5iaofYfRF+wR2O', '4rGXlASMVNQEnbSQgL6rPodM9KnkDYro44hS2zFWDeNPV/kkiJqNqOd1MWIj8LYs', 'EZCmZjl/y4RwaH3Izlo4lQ==', '4+f+ADAhDLKpccmofdH6YjlLAc443KRVeZF2Rvg3DdPZnbqvXzeFCL7YmG+6Ac4O', '$2a$10$L1S.oR1NE3rpFIKgmjIA/Oet44pR5.SlHVP1SFoAN/Yu5QujNpCf6', 'DHMdtak9J5D/n6w/8qkZf3EMj3ytB3nWE20urBS2FIc=', 'j6rW7Gi2GIizAwCj9A4peCmeqjDy+AfeG81wI+ajzhQ=', NULL, NULL, 'u+/24U0Z7o57lzvq8atYBFdvGqB+rpuKNBi70ZHdmGc=', 'i4rEfk5/Z9aVK3TSpOKFTgnkBW/ImRyuVkHTpIhnlHM=', 'SE33QKNDqmEI23WitbxPAAXYpC/mHZIw2QfUtwIvLx+wqs/X44zW8Ox0bkTUhhMMY36/sDtYekyDPEeraXTLiSbzDbpQA+trDrOdnLaHbzI=', 'YSLTqU2BktdDSCc0/MaNAAoBzereFqXO0Qq6mNvSiBc=', 'cPnHLASVZ9FdVvw0WSpDb7k/W/zmDAyos1sGr76Ea78=', 'cPnHLASVZ9FdVvw0WSpDb7k/W/zmDAyos1sGr76Ea78=', NULL, NULL, NULL, 'RHJeHKt/RVus4v336Tkrr/IR0gTPXElUS3TMxG+7EnY=', 'ugHVqsx5p3PYyrjOybFr7m+8iPTMyTUa8L6RvC9Weo6aHKragyvy9URyLt1jEorB', 'xwSqi/pgxTHM/qKI+1h7z+LfbVvIL+GT6Q5KZs+DqG0=', 'cPnHLASVZ9FdVvw0WSpDb7k/W/zmDAyos1sGr76Ea78=', 'cPnHLASVZ9FdVvw0WSpDb7k/W/zmDAyos1sGr76Ea78=', 'DSAlU5Rwpx+ivEYMSYqZ4N7CXBcWE2wGMViFDq1pSPU=', 'mE09eLEoR68CQ4vdngrINCR64Wge28OesJ4oiSU1kso=', 'aDuG5vPUg7x2002t54oTItSqVRIYwwB3nI2o119jSD4=', 'rWH/v/1F5K2GyN7pyUWpozmtVyb47V+9eBigJYSbbVg=', '2023-07-28 17:52:43', 0),
(63, '0vJj7Djuo6Fk/Ab9dtM7vw==', '$2a$10$am2LVZu4yADnWUjmpHH96eKDcgkzXpRLUJQEzKOlSZTJSKBpDklwu', 'QOJEJ5+61gc4I3Z6YaCG40Wd1LB4ajsn4EpKfzx5tQRphNZdhdDRaJxSA9iz4LDE', 'yLt7vjLzUy8zBPCrz3S8sPfX5pJh5rH5gRk/3bsO7rSzBafaAAUKCJMkFK2Q+bDK', 'L4PJkoTC7rXtOfk6Wy5DaQ==', '4Sk4ldb5wr6+YS4HqutJ4n5HRSQ15VDoroRQ58pwViQZlyeFo1TR+7megG24JwOR', '$2a$10$YUTPDwzvwpXftwNI2iRGOuiGcanJ75BL.5vk0dbfbDzUGIODj/81y', 'IIPbbhlCVJNK95n83h57tj+0YdrgfGiVRHNTZ7tHDuQ=', 'DUwBTDe8WDof3BE7aQsjdCYaS8AcqfrphGD9egGli2c=', NULL, NULL, 'wS0gDgJyk9tILH2BZpnZ4xPndF73HSVbUvW/xHfaNrA=', 'oJkOb8qzvetc2abg8XiXFAdsu8mtoiwbvPJM55kSVu4=', 'zZgk55telkGnbIgp5GccLs2zWSWmhI6YL0q5tVJ+nUwtwbzDuUSEvOpM9M0opDk4D0eUsE4/0kdkZTgonrXsAT7ptxtVlb5PrN3Ou8qPIxg=', 'ipUgIggII1qho9PmUdx0InOzAPn4gyML+HEon3hweIM=', 'BmyZ9o8yUt0MD1Oy/RCNfxD9/12d7LbijALyIL+X8rU=', 'BmyZ9o8yUt0MD1Oy/RCNfxD9/12d7LbijALyIL+X8rU=', NULL, NULL, NULL, 'maEiazARpeuikX3I7HzdiHYDv4swfAucyb7E7qnNaxg=', '5Is+X8YtyGo4ciR3VNqoYVPfhulagr+2ida7UFun41UuMUi6DYg0ybFZGHQkHh8i', 'GZc1ji3YYjyb1oXqFGKufQe+yRxMBbvDXlWKdY9oiIs=', 'BmyZ9o8yUt0MD1Oy/RCNfxD9/12d7LbijALyIL+X8rU=', 'BmyZ9o8yUt0MD1Oy/RCNfxD9/12d7LbijALyIL+X8rU=', 'GsALegcs6NJe/j1iw1vO8nZFCLw5+bEIPENJHZEAvg8=', '1bTnEVCentkUkV2BB3ARCgdkPkwVEfsbZxsUnLfZRuRMtIa35alMcptWCscSd64S6SUzgFXPBIxvT7inHznSYe09kVI4E3rZSZFYzUBHZUEQkbiV1ZL+qoBauq12wlz9dFzrGnBJf9sZmT7Oigl8Pw==', 'BmyZ9o8yUt0MD1Oy/RCNfxD9/12d7LbijALyIL+X8rU=', 'KIx/bfW3R4V0yzEckL2DuApwdTtDsDVzlD+qLeNLNfI=', '2023-07-28 17:57:30', 0),
(64, '31vIdj2wTyFrDXsmouR8XQ==', '$2a$10$tLtpoybIjd1cgL.u2D4SXuuQjZ2w8C347n9GHpkJsK6cI9PTK2cKS', 'zA8YQ/u6RjS5k345+v/PIeWxiyzn4nbKVMPbC5qRXn5UFQ/0YN9ogh/9QXsJOwNu', 'nHd6g8SIobKr5PAl71YXe4doeFqMC8A/amMhaVVKIXAyNtr1fdpl/cG89J1aQMSG', 'ND9dwbPSVOfy+qHBQhArUA==', 'oAmg5/Rv5v2/nG02r4cQX/UBVZQr8j++GZtFzNdDIM1WhjhdQbxFwoEC9XxG8Dln', '$2a$10$429fnuokHRcezukP7RyFOOJEFA/geyXitqxz6FuRhrgNrltp6aXbm', 'HGiKQa5SM6Iig8xD/ZaF4F2V1UeYVz7L/qFeXDuZPhc=', 'OSM07KNHZlvnavoT+h82Qvc2+ZYhpXbr6c8+PJpOg3Y=', NULL, NULL, 'x81lIv494wH7s+D7muXAfmNJh+KNtTTvkLMECQL0sMA=', 'UqXNtoWCnMN2s5NMnkybUyIvO0EMJ8p+WeshiCX6+J0=', 'eajg0SRSNl9v5YuzK8XNOdCDDxc1V6/wO6LsDR6A704=', 'CQWDu+4wrfHLat8viRN3bDhD30Q6cBFm8Xc29WDK2Yc=', 'sltI7GL7LETa3Qe2cDOffUaDL0fWDRXufE/GvJm0VCY=', 'PpXfEkxRAxZfdVPunqI5ajd+ZVIaR4UgsttG8YA9w7k=', NULL, NULL, NULL, 'vm+jtjIW1A6KuYa2TMS1nCu0NTQuYzRFFxJzcOwg/aA=', '12cwpdxDH5g7eqMW2PmZsQ05pTwUdEbTaljQJEJFvbE=', 'x+vWUESyhkjRoBzdgQ57niK6Z6rmNTzSr4Ko2dxogYk=', 'sltI7GL7LETa3Qe2cDOffUaDL0fWDRXufE/GvJm0VCY=', '12cwpdxDH5g7eqMW2PmZsQ05pTwUdEbTaljQJEJFvbE=', 'mSZbpXqj+S++Y3FiYZ+mobl8thgrN7xCTqtHKZbC+rs=', 'sK2Tx11ZhJn3V959W+sqFy1BcsZHeJn2F1f4ivKgjTzB9cRELhdk3eC3PWctBZCbG/HTiXkg2NWU+LKhgRQMPXpZtMslqmIQYSFoHq+8s+Hg8kWzl3m9j12iwXaEmxLoyfQpwXRko/xZkfuiFlCUsw==', 'FpMiQQn3xVthKRUsLpm73ds5qBcYKcv6fRzS/eOJ4aM=', 'JNLiX3HYZg4i+vMnZ2nXom7Ak+/Lzl9+AfKIC9mm9tg=', '2023-07-28 22:22:05', 0),
(65, 'znwhVx9c1I4SgTEnsuZjsA==', '$2a$10$zNgr0l/vKnwPQtnxslVX2eERwqmIVTvT3.UMqL6r8cndhzxJ2y9zq', 'nxQOrmUZFuNqg/Ew+ByEZ0QnbcQZZNgphaqLvABkaJanmLCm0B1lb5wWb8Ox/ox7', 'oDFi3SiX7PvnqpiGdZZkq6R44OHlK6hsuyL98T9zYiWjNpln/GHHFkfW/MIHiguW', 'KPPvMrCd4zBwBay1MqOU0Q==', 'Rwz1T0kKWZZrpUXwMZ3q/ukrMko3NFwupgPWRZMcVpnCW7ekaIeZXqQUuCJDpQD3', '$2a$10$C.RZbW0tlGL6Vu4iVY709uKOEZ.zx8XYtizTPzABif2Qq8Bv7FusS', 'r+P+xBXe4AmjILyupdA7Znx2M6x+h1ZJ9E86xfH6cq8=', 'r+P+xBXe4AmjILyupdA7Znx2M6x+h1ZJ9E86xfH6cq8=', NULL, NULL, 'LZjlcviYO3GpjyHEkMpBfdpzn4IdQ2Px/L9gBzOB4ec=', '3YwC9+bh3P7ET/0yjGunqsMiMaPzR6dvOeRcZg2+VFY=', 'dOHP/jYhTscUNJ9vf/ud24J/0o/17byZYnTgQlVGwqdfIV++9OsnZ8oop9O7YYHXQhGIE4j7HjUqgUFgUosJwstR7ax0t2k5zE/dhNFPraU=', 'bZP5slP0q85FSTjZ2qpgwVM+UEIH11+TBgY7h/PlZSg=', 'BtjkC6imp/jBKryw7Yfyr4us1w4jnxH8MgUAKP91Vf4=', 'yMXTcwsBSjxhHACKBeH6DECZUvOAS+1mHflljPK1Ftg=', NULL, NULL, NULL, 'lgoqnYLEQnk7wPe3VURrb73wW5ffxPodUk1nvKWN800=', 'r+P+xBXe4AmjILyupdA7Znx2M6x+h1ZJ9E86xfH6cq8=', 'TeSYyxo6sFgJwD8kA70uPtx4cyJMtPNngEqO0DHRI04=', 'BtjkC6imp/jBKryw7Yfyr4us1w4jnxH8MgUAKP91Vf4=', 'yMXTcwsBSjxhHACKBeH6DECZUvOAS+1mHflljPK1Ftg=', '+kSAz0fi+F/IVZwq74JPE6NUbnSNuiwXj6ThjvRU6QE=', '9eNjG8nkuU5Mbj/FbdNroWw36Dlkj+I9SvST5lELJmo=', 'BtjkC6imp/jBKryw7Yfyr4us1w4jnxH8MgUAKP91Vf4=', 'QZI+UblTAczsdM6mnsy0lf9NOuBmjN5Un0T5O5UdrrY=', '2023-07-29 17:48:41', 0),
(66, 'A27VoS0L6arMxXZ2I3j9gA==', '$2a$10$8yz/8y9PZXL2kx/mZRbi7uwrg428yjOFkKIxzOmanKISH0YxyiotC', 'Vw9Z6nPxLo71zr2uoWZjGVBVw4BPppkL9c4s4CNhJSdXUQ4Am/OzVfikcJPW1AOB', '5L5HUbqQHKmYTvxSYN4Wkyn9xD98NU4QiQ36ei+8VOu8DRLCJ+HJ0K1ixdHKWW71', '107tfYid3JEq1S9/Yzg9Jw==', 'BvDP3dlj9ULSZG265wK7PBkz6lneKhR9ifK8uSggaux9JbARxQ85WB5ndv4DFlvD', '$2a$10$cFhft2YxyzuLFQ/J298gKepWPXIsR5ywUWnFsu7PUwWFnPd4b6b6O', '+YuG2KeOk0NC/tQxL1HO0A0UT2OF9OmllVjOnsIgltI=', 'sU5yqeVGjHAsstFHP8FiOGOuy811JjtMJvMGvmLbous=', NULL, NULL, '7rPMVxfjCEoodkbO4QEgwGFK8d3YeWy9TjwfAC4IpLQ=', 'VQca5SPRXkBpXvVVnFC685J2krWZhsmTzw63DBh3IfY=', '+d0VXT++jFAk0n6T85hErQLEA4/NJr3nU4lf8iYbS6Zej6em+ztB0HAaJ/LQhF+WaphPnYOz4ab1+LCfBsld+nCNuwksGBxO8RTKBedUVBw=', '07JqHFUJc1nNwPHPJirg503SMBAQAGdSuqVDu8jXHJ8=', 'EoZdOlv0Yk89MGH617JS2uy1mlCHFGpcP6WwdZKerVk=', 'EoZdOlv0Yk89MGH617JS2uy1mlCHFGpcP6WwdZKerVk=', NULL, NULL, NULL, 'HnzR84AclPOpmnf+cZFCFLvoqO4yx8MczYEc6t6Udcw=', 'OnDGuch7wlO3o8yyuQBndQwWEag6ab6GxaExf1mrDTc=', 'rPtBKiyuf8xre89oQn8deyAcyHNEnz9VjOMgZnT/plY=', 'EoZdOlv0Yk89MGH617JS2uy1mlCHFGpcP6WwdZKerVk=', 'yVrOZA/isRiQ2wxpp/XSNJgI9S+cBWQS8KX2WQwBI3k=', 'L2Jml+ibq1l78AJn7HNPpTnZqcF8sLuFRvXrcpN/9DE=', 'ASR+S+wGMys47q7P9XkwMbw4u/wJ/6svtaKBStLPFY34znsHlykZUBqyIngGcPNiGhzBcxxEnxJdsuHgx2bH5ntHeW1DUsJoi8/n7tkDqiXprQzZmoLuIi6POEeolevOIRXpwxc3wv2yNqvQC9UJ3g==', 'uzJBH1SnLC/xIq2rXmFIoCL7vbwpKQGO4b2B3EGpV2Y=', 'Hy41jnZsAX06Oxw8rjL0FszqgySL0kdjmVcKubvT8pk=', '2023-07-29 20:14:32', 1),
(67, 'OEY18LJ4/hWfbtRfEulCvQ==', '$2a$10$d7sqLsh3zh1TevoYScShROpgOXCEdCa0jNFWyiMlnrPX.0xGm3.6a', 'YvGEQGt8UbjrJWJGfj8KRgOlBaYAM83UchfYAfMo+kKJrkqG1osCe+Gp2Vk5iwwT', 'EwJUE9xfw3QRtvCVCfrrpTkClX4aDokNw7918nbjhCn/YWSZoQW647OGqUbhPYzC', 'qtaHgMtp9kP3lgPteuLaJg==', '/AWHll44c46+ooTwc5aUVUXOT+6rlYyVG0YdMcmLW3H8Evz5ohR/PRSKJj+pU1Ky', '$2a$10$x/g1L86G99xhrzkBEGmA0eFRcUY/g.R0GofcqItsR2tT3g9Xu6d6.', 'TyaDFhHznXoifo93ZMBV6ssffoj7fAJS5ufc83j/5sU=', 'hZ2hh34n+JUPu3/J1wOXeYWwEPh6LBGoJSESLVwoMNM=', NULL, NULL, 'iEt7pSeJeoI7n/S3Mk851pS3amGE4WCEd8pxA8/J4Dc=', '2r0/aRatxbvpP0Fc8kD/2vAV9FN15Apm1HtShkHc924=', 'cqYrLgmSvfDpcDjKVsH7kleOiypmVSXb0wWjjkCq1ZOufXic9Jmp8BY2qTH0jaXYvZ09jaiBHgYVgTjKgesgGhJHWUeAQMOCaFmQZhj31O4=', 'MKQUf2xcUiV7uNYb3wNvd7UgibUrcTN6I1FGXZW12+I=', 'jIr8+okfVe/Q73+3NIENrDYh/90PEJFj+KnHaqgSRZs=', 'jIr8+okfVe/Q73+3NIENrDYh/90PEJFj+KnHaqgSRZs=', NULL, NULL, NULL, '0ITQBDmRMKmE2q8xwbeHH9FZXoo0ynfczBdZf2EgKDs=', 'g9I2FnJWogtukpAjcdp/xjjBhSvDDvEOjmBlGcIqdKw=', '5wgPzESjT6kgS1BZiosgRqhVxljhZtnIjR9QV97Iol8=', 'jIr8+okfVe/Q73+3NIENrDYh/90PEJFj+KnHaqgSRZs=', 'jIr8+okfVe/Q73+3NIENrDYh/90PEJFj+KnHaqgSRZs=', NULL, NULL, NULL, NULL, '2023-07-29 20:43:45', 1),
(68, 'BSbIoyqpTO9dXalo/fu9dA==', '$2a$10$5G8/BRYW17s4I.v1BiHMn.0Jd7PrKSbYWxB0WONmlAHGCiaKHfQi6', 'Gp7bOc0POSZJPyYC6/Ixns2PvQWIcjRwpTgqHAB98UQUCcytpaN1rXe4hWPeE4hx', 'GFzUwEojJWpfR5CN1FGe3VWe7pUrIg0ozvdJXP4GXJzwbYNxdqJZmcHgpRVibEsw', 'hNW6fW2Foz1Ks03PVnT+xw==', 'YuHHpPvfjpFGaC+T4jE/9PFcIoGwmQY4BgxwHkJcZpIoEqnDRDAaVuD8j4XfilH8', '$2a$10$F65mdzqCAE23TkxGCRYkjep2L/eydHbhZKijyg9gx.b6CoSZKSf/i', 'gqpuFJOzcbdnRxgk5PpKjkN9A0rTkW1G4iPLcAnUYCs=', 'Xc1FCgbAS/CbP87Bm3h38NRj5TPm8C86Q+RsUz+UtxM=', NULL, NULL, 'Owf4VkulqMeybwdRyWBRB/bwZX0TNLJIBa/1kwEkJdk=', 'wRYk2kJz9py0ol9mttAtjsIFIGbCMA+00m6TF4Ce5h0=', '/fU9Wka/syzgV2CNrvrjhq4jUBl4+PqkiImQ2TJbgjt1jncUCtHyweqYbVP7fkhUGr3+8WmmQTiYq5qVr1yhtxWV/XsFa986Y2/asUiz4Bg=', '6TTCn9ucJCv6Qw3uR9V56sTFJb5PXL+99tE8H2dRCGY=', 'inrTF95MhtCkD9bWojijieIGeRNoXnvQzgC67oc+s2E=', 'inrTF95MhtCkD9bWojijieIGeRNoXnvQzgC67oc+s2E=', NULL, NULL, NULL, 'zySmuzwH1NKlDFF7zWbEC5M2yXgjoAsRO1JmpXBQPcA=', 'XSdx2+s03gwxnejHsiUC7TDXVK/BjL0qul/BpT9ULO+QryHwecbYl0ebCNrk1kQz', 'G6eBrKxnOoSw/Zmgyq4qSg/6wYCRkC91iaMWW/U3Cm8=', 'inrTF95MhtCkD9bWojijieIGeRNoXnvQzgC67oc+s2E=', 'inrTF95MhtCkD9bWojijieIGeRNoXnvQzgC67oc+s2E=', NULL, NULL, NULL, NULL, '2023-07-29 21:39:51', 1),
(69, 'dFre1hjxipeCWgseZg4rZA==', '$2a$10$zD.427z3upgVjghJggPMrOWtFVhOiM/sd2NWwjN1FmpbVhHEW3U86', '+D6EX/U4qNHNXtCejmcD2j16aTRyTNEVrBCl7JOp+LyMCL3TarOujhuOJRr3l65f', NULL, 'tLsjFkmi1gVsUjS9GDrAZA==', NULL, NULL, NULL, NULL, NULL, NULL, NULL, NULL, NULL, NULL, NULL, NULL, NULL, NULL, NULL, NULL, NULL, NULL, NULL, NULL, NULL, NULL, NULL, NULL, '2023-07-29 21:43:24', 0),
(70, '2Cx5B9+Z4knmeH0TzNNgUA==', '$2a$10$29Q3BfWjrKeaRIRwAJCk4ewiXJ00aUJJuZwLRubJscMwbzrUoaj0a', 'q/kBZWcz0/RDqIed4T5tESuGYNuPGrhbPU7FYM2wSfakAkPHZrPFVdmxNdlr/Sor', NULL, 'vJ4k6GMzpp2vR8DONIFN/w==', NULL, NULL, NULL, NULL, NULL, NULL, NULL, NULL, NULL, NULL, NULL, NULL, NULL, NULL, NULL, NULL, NULL, NULL, NULL, NULL, NULL, NULL, NULL, NULL, '2023-07-29 21:47:37', 0),
(71, 'tG6dQuZSJtUU0mualLHLcQ==', '$2a$10$fiL2vGDjlIZYk0cRhu06QOitjdlbvL.OTiNx1D.fmEKjoBYndT2e6', '1kpnaFMthmAacmk6MNmMyQRMPRL7pZbX5Y4oNoZ5ToIQbcvhbibpJtNSE7Wv3ZXg', 'G8hdxxnhRnIxwjnxIf79wnjDnYd7H3+6/DKzGHYUY7JF8Y1sUXvKhMJgKIwrZxnm', 'QaFEEylgOp35K7RVqhh5Ug==', '7aP7kkVcKXhf4VQljAHIPoAs1+zsBCmViC37tMGRz576+Hw4aGQh7XAOkyqbaAH9', '$2a$10$Y9moTMWVoKZANtz6Vhbjz.XhaETCQTjWny0dJ9tHt1IuZlHfKCDha', NULL, NULL, NULL, NULL, NULL, NULL, NULL, NULL, NULL, NULL, NULL, NULL, NULL, NULL, NULL, NULL, NULL, NULL, NULL, NULL, NULL, NULL, '2023-07-29 22:00:27', 0),
(72, 'RfxwoSZ5Ma8zv+ZSlIG8NQ==', '$2a$10$d7Bnwc6UQ4TiZm8GzdYnXeaPF5acKV2SIxe499knL/2bTsJIE2RPW', 'ipITAwrmKDltiYDTH3iRd8e6+ZvG3ZUtcJvVMxRk0yQu0hCjQzqFlfai98WudIgJ', 'GTWXOmi96ZNN62arWlVevHVICAvEacXwKZP12Bjqu89WVg6aD2w18GuKWzhmev2I', 'btl8kBB5tCBro0ghjFHOnQ==', 'tbfiLdfOv8OEznSsxkYIQqCjJSTr8nSPkjao1n6vun4f9wI4Y+era7p4b8nUbB6D', '$2a$10$.636Bmj5PTOzI9zGUxnI/OXFnX0nh4J6BlYKLoXEOxo54685pgWOi', NULL, NULL, NULL, NULL, NULL, NULL, NULL, NULL, NULL, NULL, NULL, NULL, NULL, NULL, NULL, NULL, NULL, NULL, NULL, NULL, NULL, NULL, '2023-07-29 22:15:52', 0),
(73, '8yjUwenetxDNWnooh1ZnMQ==', '$2a$10$RqSDbgtYgsP9hBo0VLuWt.NBnkAz.8kVign5Qknhhle/UTfHd1Pcy', 'cG7pfDBM5QGimwJEQE+J07BkuD+Ha63/y6f5zrNKAHJfy0nSQkwOv0WHUUHQtUpS', 'GvDZq/gWpfqZvibJTZO0UISJQGk3JFvu6AbMAsgbOhsT/1gqR/0x0jB84yL2x5EK', 'xsjHOMaY/CIsaSM1O3hjzw==', 'ElGkxVoiODlWDfj/0+J+Wyx+RH2hs3whXj36xNItNzVhEHKGKk5F83C1If+Hsha3', '$2a$10$9EgGxHyLwasBDdliGhmUfugDQ75IK7FiAaLfH7R7mDsZOY/jb6DHW', 'V0+/IZdoqA9A0iY/5GYrMh+ceAZLGkXrFYk1NtTvJvE=', 'xuFmtyi/UtslnpIxV5ORsjlFrp9dFVyZD6GIwd5AR4ytXmcowk9OyZ7OHnBV7quh', NULL, NULL, 'fvI9s2Wks/kCL2pqdBypHxcgYNPhHTVws7pPj6vDnKk=', 'JNmjf2Eg+2nYBDAKRZyFdFw6Wu1jSA15WjGJ0uYZlXM=', 'PmxHCXqgA4Y/XD310V5fLtBEY7zqfmktfiQ6uVB8IRQ=', 'T5Vzj6HuhtOaVDLBw2hfBBJ79fpa00pOwQFk6ZQLsMs=', '4BPqnfryT1AWy7TCF/jZJgnomtSnuMMglHIhZDAVPU4=', '4BPqnfryT1AWy7TCF/jZJgnomtSnuMMglHIhZDAVPU4=', NULL, NULL, NULL, 'BHuah/XoQEhFU7GF3KSuX6YvfjPvrVZe6E+S2YnQ2XM=', 'hTr3I+VGw6AWzIFf9eYsz9FPIB3lvMYJ4Z165jxc3lM=', '/Mt9LufcPCMjdvsqtoat31S9Xveet6+v4CgrjO4Pehk=', '4BPqnfryT1AWy7TCF/jZJgnomtSnuMMglHIhZDAVPU4=', '4BPqnfryT1AWy7TCF/jZJgnomtSnuMMglHIhZDAVPU4=', NULL, NULL, NULL, NULL, '2023-07-29 22:25:14', 0),
(74, 'lsyfMmDa5zr/7JQNpNuoPA==', '$2a$10$18AeI3Xs5grHT1Zm0e34UOJfAWpw0GsXsB6N0YBdYDF9Hziwvahii', 'yJoXxI2nJgvsZ053BGOC1O/1Xq4qCiXs0tm+vWFGmll6MfC1OSR7HyYyXuTgEZKI', 'maveQqGE36ATcD2fSsojXRaHcAuFHKZBfhLHcic7bfzf42ezkVW9ufCoWldlCg74', 'Rn1bD/en/0tPyYJhJDonkg==', '6C/mCKH7ZVzcytEvc3ZkigsV+ZkNxaOVjrDVqGo5Wda0o/XJLvvo1XowFPBl/IYH', '$2a$10$7udyMoaWPBaTWrPmq86f.OY7Sb/3tvTCgYOoTdKHgTvpbF.t1u1Zi', NULL, NULL, NULL, NULL, NULL, NULL, NULL, NULL, NULL, NULL, NULL, NULL, NULL, NULL, NULL, NULL, NULL, NULL, NULL, NULL, NULL, NULL, '2023-07-29 22:34:57', 0),
(75, 'm75nnKOpAuvNt5J9eN9QmA==', '$2a$10$8VehWv6BCLCqxXGBmCeWB.wOBQaz8q60I4yYUBOu.dMs7N.0bkRUm', 'p0i5YUkc485JIIDMhXox13RuoeqoOs+P0eZJsDNX0Ec9seOkMXfkXxWebqxxdvGQ', '4sttpQTHiEtlRPl+xgcxAh1dCxQT7CX+E/VDXUT4Cet9oduzzvt0Xrr0BfGq/mWH', 'UeGhiIIvzX/uLvEENPjLsw==', 'In7wq6xAIABFBcmTEiTP6dH2CxwiiAMo996m8L9P1ywpuy90bacgaoiM2RprGIEW', '$2a$10$SIUHh0MKBfm/KCGTF.yS3uIcCvy2XlbOHP1GE6zzJOHqLKkLaJTha', 'B501aiKs5+xjUvG8sqVDklf0HJ7gxZMVayqPmFXnpIs=', 'fMDdgJI82UTdbKmeAH+7DaCaTgm7U6umU9zaHi2l+60=', NULL, NULL, 'elnpV8QoceLF4nKWXGB0Lbv1GibS6mNAWkUMh6pHzSw=', 'KcvWPlL+Gpv6kwNOnNepdrwSuMyGDzGJy7Am+JcY+zE=', 'y3aEQ9QF8VZuAhTXZEfh97Q4uEsvP79kof/XbHsmsubvZK5Q6Axz4KzLNVXmTfM7M+tiCAiZDqJQkCSaKgfxLK50oIu/cq3e1dfU7Rufo6w=', 's4f89HLoWRIV1cF1Ig75/M2LvCOwknEM71tnvJgXzGo=', 'AspJfmpjzNevDlyZi9eHNq7WCg202K+vjgr1R22T8rs=', 'AspJfmpjzNevDlyZi9eHNq7WCg202K+vjgr1R22T8rs=', NULL, NULL, NULL, 'lHA3QOu0hiAvfFUnNKMkmv80Plc6IM/PnKq6LIQFz/4=', 'NIVpLK6xmZE1Hoitv2eDXeHA7EhvVBAUdm07d26Y2dWP1KtTuGO/z7VKQ6YT8zop', 'zADgd0k1dZ4cP+m85PMTCcRfQiknDwvlEa9ee+JGisQ=', 'AspJfmpjzNevDlyZi9eHNq7WCg202K+vjgr1R22T8rs=', 'AspJfmpjzNevDlyZi9eHNq7WCg202K+vjgr1R22T8rs=', NULL, NULL, NULL, NULL, '2023-07-29 22:48:10', 1),
(76, 'yXUcpEtg93w1S66CdPA0cw==', '$2a$10$faaWAH3k9drmey3bHKkg.eODlHHnehnY9Kl9PRcq2lpmOXQtyW0vm', 'nnIZg7a0cM5D2Jz4v4Qv29x17r6f5TClplJLz2JGhh7hk1E0qgYAq3KY4o+Akc4n', 'Z6wQql1zcZGdCyJzKtrybYHDmtFTPMmivAZjCIlhGbIu1MWw4q1jn9iDKzYY2KtU', '/CD7vT3a9dYy6g1xBh/cCQ==', 'rvAVRPWQTFiW4eE2Uffrd/cA9nw93JwDqdkvaZGYI/iKwEGw8bM9bRIgP9P03Q8+', '$2a$10$wt1CVG.Fcu4JqeqeieIoqOJ8HsqcCvPQJPkDuZgkWnY.IFVvoGBHC', '6pmM6r7K7dDooSal5HyUvaU9Ni5veea051giyoMiwDY=', 'iRz3FgATTXJdix1Rk9bqP+ztaUCbzxP7I3Y5U22ToEA=', NULL, NULL, 'y/VGpqeULdCjo4abqwB5NX/4x7GBO+wB7T/CCF1w15c=', 'zLasgVfBDMoMN5QinhOPuSHipz8qswgQk4Q9IDtuGd0=', 'WGSF8jau9uSObHtZKT+zTqD0COQbHzpJQgTNE29ceFD3GzFUq2I+u3BHP3+yTPaMsaIgln7w+ufnC9ab1yUB9qa/9Lw4fFARHz2Wz2Fa6gc=', '+ZPvi+NgcXmsEictgXfuGw+a/vBWTABSAKc8gJ/iVms=', 'r/Jcl35oo3q3r0CX3XlAi5BWQgPz7dGsF0gnxAyOCYs=', 'r/Jcl35oo3q3r0CX3XlAi5BWQgPz7dGsF0gnxAyOCYs=', NULL, NULL, NULL, 'NRyfRM6uqDCY5AdrRc8s7eaZ6hziZDzPyqPjKpg0yzk=', 'ElVkPudGRz8pDsJkix4EYrYQpoe5x6SiyZligiEQ2TCSQfJ9rt8F8CA2KvuJNL+N', '5AEkBUtMmT6BcxUI1S0/sfPF1Tccvju4DdMLlJlhvf4=', 'ssX2yUn91OqL8xSWFsFMbhD6XtG+E4P0y5WSMJMo6H4=', 'TpmyhUjyeRGXTxz9I8MeIM9rVF3B5KQ14k8T/ZAzGEc=', NULL, NULL, NULL, NULL, '2023-07-29 22:49:06', 0),
(77, 'v8rX8rBxVCTapdCOBEtPTg==', '$2a$10$Nnh0p17pN7w7e5a59ZrDNeSgbs70bUmv6qHCw/zHUmlnlkrXI8jbC', 'Cucr+HDDchX2Oo3nBmRV+HNheFgNhXPqwMlVVkVGQ0nFSnEop9W7erIIOzA+37oS', 'rldksuXy89cqWpQnM9R/E06U4WAwjVJShE3U/Ep6oX4xx78pHiT0DNz++WsthU2s', 'Bj0+T/9YWeTklRxVDKuFKA==', 'NVaZ0OUfjGe3pSLhwhQwh05lehYv92r4BB3A9K5I5SrT42lEsHiL1APH4G5qb/r/', '$2a$10$KTBv7DIfEdH62U1f9KPFeuGeyoMks2XbWCaEhkWrvK1YEfJKiLGhS', 'K8YGC2iHj8s8LWXcWWPVtDZ0JbU76vHwIuQCaLZqD5k=', 'VVr27a1U0UiTYyTos2kJhCGC7Msu6K1cKkWsOG/BJmM=', NULL, NULL, 'oG6a2srjF9y7fzLjUzONHGp5YDZ7QSduyI39vs0rLC0=', 'yukT470Pe15o4XTh8u7LmU20i3r2KDq6/oOZBHNWZKM=', 'zAEmNgGmcJyRpm67Wycr9jwPakYuCAhnGmN5fkt9/PhvhsGkTyGWlnihpbif112Kc7L6U+guLkzpTSyFdKKA57qcZ5Jfz5BuLzs5cYLsTac=', 'LwiOA6R5F/0fWU50draAjNpAx6YKo2nv5d2m0Br1aSE=', '1NRNK3xqKBbfOyiCPDWHJIwxGoC620dnYY7EmwmjJjE=', '1NRNK3xqKBbfOyiCPDWHJIwxGoC620dnYY7EmwmjJjE=', NULL, NULL, NULL, 'uykHvWovzBPIDlu2uhtBlIqwEthwVWBAhjBNMqPzyXE=', '/DM3bwR9Kna6VaUuMaRdGPfHnbp41ps4VXh3T6btMt8X2jdIhrvRgd9yWUfbEfR4', 'qwGnly0oVM76zdCwVv6xAfIeHdAABbi7i5Pj3HZaf5Y=', '1NRNK3xqKBbfOyiCPDWHJIwxGoC620dnYY7EmwmjJjE=', '1NRNK3xqKBbfOyiCPDWHJIwxGoC620dnYY7EmwmjJjE=', NULL, NULL, NULL, NULL, '2023-07-29 23:18:37', 0),
(78, '9bkktBwVw3Hv9qWiW6y5xA==', '$2a$10$DF80.z/9//wlPszDrqotMe0NVSEpa1wsQHcASA6dIXlgIZXB2lhim', '/gMlhHUVZeiHfDqZy6kd6oDofsqDxYVnngnNse5NZ1z1TLYj4fE/0DZ7h1YqxJB0', 'BD9gjo5dP9vtqpM7IYLH68H8r3SSqWEEQBrXh0ulJxMpUuqlwjMjHpnc2I0gBwVB', 'heTGXwvAOi6HJ0Pns7XgnA==', 'ILOSJ2iFWy4qmlZH8E6PLPlUw7SMCBWdMicMpVcyVdLjn5fv3oAAP7G/9cdIMnck', '$2a$10$7VQBI1viDtwcCakN/vBOzOO9zhPozBK0hZ9EG.QXHuXtGphtX/CIq', 'xN5z2Wv9gJxq4LepzyGvgZX6bV87Wpl0CJovJMGML3I=', 'ps0QUKPslYOGpOL/WJlQIjIB1XEVwVLqeWFq9KHJ4qY=', NULL, NULL, 'TrdMov1sHnaEvqmRXW2hRWf3N3RZPpo4d5XIXU9BViM=', 'Sb2qjipEIjrZ440f26cJ5N8EnkwcrxKh1UCnm01SmSs=', '+iWhJyI2BwWOVDYgdupF6CrA5LUODtMnvkJhw2DNIGVP1K2v+Bj1pbsSDdY/AtM9M2eo7J9313N23CV1ftQCeDjKUsbeOycpo5QtsWiFyxs=', 'c/bGtYPUOR0mswgKaMQQFCqy/m/pMNRoWECgwqSMejI=', 'vQ2X3zxzYc6fMAfuiXEWp1zmqSqpWpQNch6YiG7fv44=', 'vQ2X3zxzYc6fMAfuiXEWp1zmqSqpWpQNch6YiG7fv44=', NULL, NULL, NULL, '9cUp9M59QpSDqRYuJvJOtnU3Sg3XD16CJ6JI6PA1ajk=', '59kcDHXzNpAsS9eCpXOxQGIxMl35FWf4H99iBLzQBTOF2+a4c2dUoi9B2mtyL178', 'wt3o27hNxU80CaL0VYtYbEaKK6fAgry9tyDepOBYcYU=', 'vQ2X3zxzYc6fMAfuiXEWp1zmqSqpWpQNch6YiG7fv44=', 'vQ2X3zxzYc6fMAfuiXEWp1zmqSqpWpQNch6YiG7fv44=', NULL, NULL, NULL, NULL, '2023-07-29 23:19:27', 0),
(79, 'l9db36tB2E1JBZ1y+M9exQ==', '$2a$10$7RcT2x9ei9hNWdm1J.WYBu77Mxpfjga31x2gbd7jVkvork5CajKhi', 'IbeN5VHt0YuAjokXq9NSFdoWcKoFuHENeKE1oQEpNpPPfOZVjMez5oIzXyTLsDwJ', 'q2nXRywEdnOIxB3SPD5veUgW3OkDOeCgXFtjKiLEF+4GiJM55oubBGmHYfWaMoVr', '8Nyy53NCL4lw0FYUYEMBeQ==', '9ROuYaCXaruv+d6MaGkAl0YHWknttTmP3wDKrSCNUlm8sqChSFowh0k+Ev3pGAe/', '$2a$10$glty49IWPDAjtAx8CVbdA.g8LUHqnwXDflN1F0lIPKUjnyPM3q3kO', '8QnaFPy4XR4p7tBtV0Z9SrqnMCu/WsnY4yvCUHxCOk8=', 'HKZ1TtiBftgNXTRUsOOBqJLqsEgjBzu8DarRohQRZoY=', NULL, NULL, 'GeC2vJe30H/Hvp6x5P3GOAtWXYvGXXeAJhREb1m2xkM=', '2hrVAc0WarpKPBmXqyUdem2DHuj876jb4E2GOjdFyHg=', 'f1GVdSYCAEwjbtsacXNlWbOSdUHRa7fBUGq8lR4oXPidToYr9mFyjqE3dr/O1BYWhpKfHEgyVk1oownRHIPYXcbDMMiBlxx1LgdSN/88Drg=', 'C6snROhShQhQ3oCtRikLzUgEfg+vd+JW7h40Nwi9Wcs=', '54JPi9bZpMkQhvh2YpRZLit23f7xbbx/M5tJm9sUwCA=', 'zkK/mqS5zWxOv/0XpuAUIx50pvP39/uYaI50/rgUOjY=', NULL, NULL, NULL, 'MvSiaVsuRtaTj6Ls7tJaZvjZpNjb8DVvcH1XecUM4H0=', 'Wvvt/lkP/8fvPyTqY/0wUVwkqrlqyrmAbIZb6S4tfNbbw6zxYOo/WwxJT2K2lLfO', 'U1nqKvIWGftAo7yEaxFOC5Jn+25ZbSkBkd3sQzbtUBY=', 'Nn3WkHqVCW2A19TJ+NjZ/QHfjQ0FeoZa2pEPxmjTmEI=', 'ckXscI0HlXOd4d2+8ptFxVqVvwNZCg4mK1lzOmrrx8c=', '/UMKV5Z36lHqW/9LrSLThwzDim/sVmHfGHiNjx03rQE=', 'dtJGFxoBgJhCHQ1A//8qk4de07c0qUP3cuEs+/6fgIA=', 'tLzLaH29zh0gKf3TOxvElvcwb3xLKxnE0LBwKQ2dph4=', 'BAHB5YcXyiJLRtNmuUXO7S9r7kDrRW0ucdtNc6aXXnQ=', '2023-07-29 23:27:07', 0),
(80, 'jea2/4uWCTiINF0eGd/QUg==', '$2a$10$pqN/uYE5Za/Q9Xhgcih3r.LaL5U85tlcY745KXYu87IOiaHslnkYm', 'OOOzBDaJQyuyec2Dka8+xpVOFWcajm+EmaM/+90SnxDar+nRqvyBwLM3kmZd3nQb', 'JacYc2hFcd3uMgr9q+Oiq1YyZu6belVnp+mGyTfMcnloRt4TD4Ro5DXG1HnneUF4', 'PzJMT5w/49JdesrXcT99QA==', 'gpDl53DjWq4m0NRKMpggF8WOzuENIxFdANi7OwuEnMF03RcwHwLy9ochKE9b64vk', '$2a$10$Mfcus1K416XuEVPKJqcF4eVedZrAZlhJ6XlDGLGB6bD/NdmABD7eq', 'wzmrn9Bg1LrGbI4WewLlFg6BuljS5cOZNIW2yAb4QiE=', 'XxALa2VVH9X1MTCGGMbzHB5iPjvAALPSrRLRiMagfMc=', NULL, NULL, 'k75CFHk9F6uAB6mnTv+ccGOrHkqw/L6lni4CtlOLMgw=', 'ejLR6XOgC7tjIznGmnO685SY1YCKBbMgTiftJHiZHn8=', '/kcylc5dPisp1qK4cz9tI1r1EhGBSfhb/6mo0zqpnNzjIfKWIdJQ5fH9JXHHu21M', 'olMSRY/vb1eqgLJ4hu1TQEuTsHtHjV628wLQ4g8zLyM=', 'wtI/XnWG0YuMtV1QydDXjDMHfIIKTTsV/fDv/5SdyLA=', 'ltJdw01B/eV56JTssGA8fg54nGZtNAotkcbPaY2oViA=', NULL, NULL, NULL, 'j3Y1XAV9se3weSkbyp0zJxkK4spD36ZtJe/+tDH7f0I=', 'pS/riOV3KmknZUAMzDWcXJe3ZpURyEA4NEapz5PHef8=', 'Bl66GJqZzgYxYbxSjEae+pDBmvI+PzmdmQRmZqIju48=', 'C3pUqzWjuzW5e7ykffg6sw/lTR2gunj7r57fu2GcJEw=', 'ltJdw01B/eV56JTssGA8fg54nGZtNAotkcbPaY2oViA=', '8TWhHlIXory381yLguqs6WLRla+5exso17MQDZFLXFg=', 'PGFheMaxWl9/O7BOCBsf8cOx4Xr+qtLHg62odEdxcOY=', 'C3pUqzWjuzW5e7ykffg6sw/lTR2gunj7r57fu2GcJEw=', 'ej3iWUit1aFxfLT50lEiaGk74A5oDk8LzSdjLnt4sNk=', '2023-07-29 23:55:20', 0),
(81, 'lVPt+DmLfrB8UogUWmtwtA==', '$2a$10$647QB8ZgDDkoUuixjROQN.PXx3jyTYT3B6Lfn0VVaq8jAfu4492EC', 'dZfHL5v8v3UGBD+dnl48JuT3/4YsO8455xtrUL2atzoMMDkNgaJyIMfurxHfKkru', NULL, 'XYph/Mz/w7I1JiezbDmKTA==', NULL, NULL, NULL, NULL, NULL, NULL, NULL, NULL, NULL, NULL, NULL, NULL, NULL, NULL, NULL, NULL, NULL, NULL, NULL, NULL, NULL, NULL, NULL, NULL, '2023-07-29 23:56:18', 0),
(82, 'tbWney3q3f0neEeqTunhXoGfkMXi2imLEzsVSSzW8hE=', '$2a$10$VxCVzd31321YixbyY8uyqO8P84CT0/kcLbrqfbOv4OxVlUkESF18m', '4Ma+0tfHakU2iW+g7VKlRNRhIJ1k4eXVYQxowqMsYOZ5/wo0gUNy9NICIvjqR4qF', NULL, '8n3o0ILrJFRyBQ1jovp+ng==', NULL, NULL, NULL, NULL, NULL, NULL, NULL, NULL, NULL, NULL, NULL, NULL, NULL, NULL, NULL, NULL, NULL, NULL, NULL, NULL, NULL, NULL, NULL, NULL, '2023-08-02 20:48:43', 0);
INSERT INTO `users` (`id`, `account`, `password`, `master_key`, `second_master_key`, `iv`, `secret_question`, `secret_answer`, `last_name`, `first_name`, `last_name_ruby`, `first_name_ruby`, `tel`, `post_code`, `address`, `birth_year`, `birth_month`, `birth_day`, `admission_year`, `admission_month`, `admission_day`, `student_type`, `class_name`, `student_number`, `school_year`, `class_number`, `name_PESO`, `supply_number`, `attendance_number`, `employment_insurance`, `created_at`, `is_deleted`) VALUES
(83, 'f2IQIzWupEdJ+V+pvMR7Gg==', '$2a$10$8biBWJNS8DggBOaR9r8uC.g2U.JKaJoLjedaZdyvXZIVeaxhjIe56', '3JYaC+eic476Yy67fCHnTL2IDZLJpg2+gTB2eY4ei1rLanw3qZ2d7OPayrIq7Zg+', 'fUwOI/6JWd9CC78N4ThCJNsOxtqLVpIJPZHdelf2fLAXSSXOVQK5lHoT1QgXoMnT', 'PUmgiDU5ZmYHRDs/TCa4+g==', '0A1dLa33iSHx4royfLYP4DS3d11z9bqlx4z8x+CcYEpjG4dNKvDEIpyq/tEWzuZO', '$2a$10$sRBU5sS9kCe1OSQ0aJL4VO5oRBELTsILU2YkLXCTokd9vJ8M0lpp6', '2bWi28GFWb57M51hKqWRbYQV5FW0SxrJ6L7WK3o22cs=', 'oR2bIbUvz1VACdfVzpgH3OxxmAoZYlpH1UkUGstPfg4=', NULL, NULL, 'vyEo0zxxjykjaHFiJVYu7IKW0PQvZ5AVw1Hrm0tJWgM=', '2XFYzXosfhHmQ1189ZA8MwsOgx3liiQYtWK9p4XMBoE=', '0JKpW+bN0yRQ7R/VpBV3zh6ZiwkdtR/iJ1Echujz9k1159rft4ca2RHEYeCGxyMOO1l83pPk4n2+vlfsquLqyJBfcIU0eVajs7hzi3K6lPQ=', 'GC/+xRyZrlR/3k7xVFD5fs5COSnj/Jwr3XaM05HmP6U=', 'sKusHGwv5gCgusju7RLoGocNcBysm8c4SXbFGMopptY=', 'sKusHGwv5gCgusju7RLoGocNcBysm8c4SXbFGMopptY=', NULL, NULL, NULL, '7uHQZlWovgvmw4WSFGowqwC0WCZ8N+2sziODMvIcios=', 'FLMDlMnakzrZ5ZEO/Kv7QL66FUVOEQb09dhzYdB665k41rpM/rMiK5/oJ096bEdC', '6XyzoKzbYKf2EaII6FIZF2hiacqH88ovhXQvzSMHbWk=', 'OL90ZipK1kwu+1eLFliKZQwhAfOzwcxswlVQz5ikIu4=', 'sKusHGwv5gCgusju7RLoGocNcBysm8c4SXbFGMopptY=', NULL, NULL, NULL, NULL, '2023-08-03 01:51:39', 0),
(84, 'Hnn8rl3Jv5sNA+e9e6LwwA==', '$2a$10$Fzt/84km2S6zu4Gvc30Myu49Myj7MlfvhrYNe9OKesyukFl0bj9Hu', 'OwjgSrl6BSTaG6lFS7RVgbNuLWD/E2wPSNZ9UhV0FYFHaQ8DaaJyrhCmZ7gEtQgE', NULL, 'pfoDw2CNxYJOH5YYZYbAdQ==', NULL, NULL, NULL, NULL, NULL, NULL, NULL, NULL, NULL, NULL, NULL, NULL, NULL, NULL, NULL, NULL, NULL, NULL, NULL, NULL, NULL, NULL, NULL, NULL, '2023-08-03 02:33:10', 0),
(85, 'dhvmwUWIPFEvJm0KuSOq7A==', '$2a$10$FMOOw.J8Sfkvp9Rje3MAYOYR6zZ3kfD0.utgXx/MvagNHmjx5PCBO', 'v5PExqbmufkQtimf/d9fPqleCTB9RlVfD6z5vkVVG17V4mMFPhpNn7QxNCyJtwpL', 'esiyXduJwjOaRcyRgcDVa1F43XCr4rCU+4W0o0E7lYKyRSnV3w3StXTNymsnmv2u', 'Oz87HFwR+FM6WFShRQtobA==', 'QrAgcX2IO6DHoOMo7izyO99lGzalMjkjJCpGtxJWTXct5AtnfUjDcL6Rf6L3IMSw', '$2a$10$pXbto9OGKMoLk6OTiWBkwuaV.Zzj2Nb6HVSYyRwuOen7yiyh1eCdi', 'ePFMxg2yLx3ZfCb9TOzQpb7W5NkmkONUuMyQEUc5NA8=', 'RfYKjsvKoS/c0n+ItwYZBtbfyNXdskxnyhvr+eMyRJo=', NULL, NULL, 'xnDFsaLL+WOPrKYv4okNAkti2NKg+DiMa7PcVc/mcyc=', 'KaJvdtjd+rw9fsGCaAHNW5gChanc1d6VNDGe8RhAotc=', 'TPsmw9d1T5dF6wrt58muPDi37j6BeKn1p81yd2YqRl0Q6a0zABVqVGizgcWuQLiZejN6XT9TPC4STU2DX86lrvMsY3xy42Eq/Yc6yAhjPvA=', 'Kn9dp2GVRbINeUPnXtoSzckzd6KRKX02Ta0DA62xxXM=', 'cXmn/Eai62LKl1pdBvgmwHsjEeX1tmuol0VBsnuCXBw=', 'cXmn/Eai62LKl1pdBvgmwHsjEeX1tmuol0VBsnuCXBw=', NULL, NULL, NULL, '81Y5WVoXLgi3RVSTYzML6yTRmivdTRNYS93j1VcLRqE=', 'xcnm8JjWq9q9tCPx6AxKLKHB//qolPm8NgnRR610r+alj/K6leCjOrSpo8UzuSkk', '6RBVKSssUPwXWilxuIFDta3q6Lk36ZrscDGT1OX59r4=', 'Mc/zGxwkH+N93Hi4a2zD0HgMpTH0XdIHYSN0+a2u/XU=', 'Mc/zGxwkH+N93Hi4a2zD0HgMpTH0XdIHYSN0+a2u/XU=', 'RVXBQesDfBKM6MyebRg4Qg4LxF3YPWzqqan6mlxsMBM=', 'YvZlzHIYf1CRopgVYXWUPLWybCCXiSeCjs4t1gtfsHA=', 'cXmn/Eai62LKl1pdBvgmwHsjEeX1tmuol0VBsnuCXBw=', '4P6SOSE7uvQiJ2/MajE5jmdH5lofXf86jiiUt+VXcc0=', '2023-08-03 02:36:18', 0),
(86, 'yNt5nLnX5EOyS2hVdO6Q6Q==', '$2a$10$D1HHTcW.dGmDKZitTy52wuHgXR3Q/ov2WmSVQFEMS3TNUkRxnqVOu', 'otVdC7M5Npe81T+v+wpd1Z9kGVVbvlpbusMTdX5QhaSL8S0ttAsU0ET8j/YbAnyE', 'uGxVqbazHxx80vQIt+9ymoG1wAItHUqiKIm5fzjnu/5URcWxd91VnvPhxoJWDaqO', 'SUzdBoRc3QamNKWlNtEAog==', '5Ls5i0jCKzDdGw2fKfROm/OKIK6/7JxzwuRsGXMFp3SD3Nk6/28/rrRgOjVwLFUh', '$2a$10$jdQ3LeAWIHv6CIfJKVkMXuqu3IBoZbFf.jH9uxMRNUC3AQiNIlW2a', '2MwxSkRDS0/dMuU5Qibfb0XYhVYS/MSfQ6LbDC6Xga4=', 'GbqV3RhI3Yn36rRR7z6iKWYVJp9X9fJNuGTlWf/RZxw=', NULL, NULL, 'WzoMNhDUaMFcdwarbDanTFRg831TRBTSKkocDhDhR8k=', 'iMGvTTBagzMeC8dVlcxeAVLW05khu5pMTpZqm2SLwl4=', 'ld5NExS5XAM80xIKfzhsSYUbc2NXtu1mIvhF1fpz/DD7TOi+WN+rNUFqw9CQVnAn', 'wrhMis2fWiDbyFUZiGjbwJKIAvDW14RjZUE6e7eyags=', 'UOMp6LM4R8yhSo5Rlh6uWrsQP71ZOI+GVWFzzjmWEJE=', 'UOMp6LM4R8yhSo5Rlh6uWrsQP71ZOI+GVWFzzjmWEJE=', NULL, NULL, NULL, 's6jsJnCw1uVqhdcJbYmZzWVCNHLPwTlmuAdDR/77Fak=', 'uqXGYsvyHEab6ZSiwXxBtwSsIVixH+RfLRQY4aKP7fY=', 'rORwZuixcjggOiJm4NB82l+t3FDTH8OmVQUbSkXNw00=', 'F6svgDALnW1eoTQTp9+0VxbSeB3ljOURtZDq9N7f3rw=', 'kg0wAkMzQQAwlNEBMQ0HQZeVmyIQIWvLk3CviOYdCoM=', 'EGstRgO4aec1GrgUpkgbIc1GeiNWTI7tSdm65kMkTWo=', 'Uf6eNqi3G0ZOYo9ctNue4aPxK9j4hfbBxaatvMbPuUB/HrZYL/NPq3+a4sTd+nuAuk94YQutnimDwrrkDEHx5mFsqHp1CYadrGrL58H/+flhlQp0pCQfhlkLFjwX+q+IOPnc/YhKQHg84fxp1qEuvw==', 'FJV9qxMv9vHK8wHWd9D9WX7MPOMDNQoOzrpzONq/uE8=', '+zVWUmpu29BIP3hjXKSTPCSKThLE90TXpxu3V1S2fSs=', '2023-08-03 03:32:24', 1),
(87, 'ouA/9NOXoUwWYxERnRlfrg==', '$2a$10$wspULBHDBPoZBfH55cfDGufftDpBW9GvM2.tTCizWwjgsVYGTx06q', '50hzjzceTikwCOOlkRdxl8lqALtfgGFEsbPRfXM1XuC6zHiuJx3h7TeaRQpqpoac', 'XpXna6TJbueSMv1fRstWDb8Pv2VzNBilXj2zR4pkFK6J2qqeDciFWC2pGI1/JeOd', '4OveWxylOpFFqAMKjRfdvw==', '9DtL7rnsbWLKTD89djlL5bcKQT+nUAOb6mXYeAYXLOmIZTn+YXFvIbflRYWLd0hlSN3G2kp0Lb2xc33hkUmVe0QEcjXLH/EGqBrupGpiXfM=', '$2a$10$ms8f0RCJeUbH5cztJPpnTOOQ65l7VQARnarTXmvwqxSRTKr2VT6sa', 'WtZMCUVEUL+eGgm/GBcsmp7BDKgfDwQtPqjHqZn/1cs=', 'J39n01WLnpd3NROFYMAlXOZ38oe9ldBey3xIoITjQ0A=', NULL, NULL, '6iJPrXB9NgsCsQw38Tr2XzCWqsViC28hAcHJbIm9Enk=', 'hejvBWm2DSejOcffe6Gtd1+WY4brs7S1ek6Y6g99cY0=', '7KQAPilOW7pqaRNbx+j2psxC5HI2PNLP0w2pC2SpTb3oJN69gRc892GEv8xUjI5HfRcsApZmLyQXDpxDO2UytbOWavqtrbuHqqVIv/6zbJ0=', 'yZLvJvnZ2bst0KZ6dhe3t9uAHhZJo7U2wa9bEhI8mhQ=', '6EnxOEmKCp15Iqo3ZygWZcgmE/aBUlNjbEPMRsAfqu4=', '6EnxOEmKCp15Iqo3ZygWZcgmE/aBUlNjbEPMRsAfqu4=', NULL, NULL, NULL, 'Dl6LZcL/5pbJo1rYJlAoORtfeCRiY+vruW1ZvwCa7wE=', 'z2YFh6qICUDvDny0tcg+0q9maF5jiqwf61rERZ3BoYMef1B+9xeXcT4o7DhNYaoo', '6WTjeF/O9/6su7D9WlBye2EucFGwbRB+pF+U0+qGX8Q=', '6EnxOEmKCp15Iqo3ZygWZcgmE/aBUlNjbEPMRsAfqu4=', '6EnxOEmKCp15Iqo3ZygWZcgmE/aBUlNjbEPMRsAfqu4=', NULL, NULL, NULL, NULL, '2023-08-03 03:36:43', 0),
(88, 'tAfsLtP5rWpNA3wdRtClXQ==', '$2a$10$ecktO0PykABAhfK68BSUve1xLxIMdrLs8mN86XvOsr52Cm2w/0doe', '6VKLn6T0CMPfcuIe3xPGXX2nNBvuUAMl5FYJ2zpfAhRcpKRlyZYErMCN1nCcaKYp', 'v5eh59nR68D0uj59znOZ4J0mC0Jv/fyFhXTUg7anbrY2QiUjBtJE8ytcHOQWZNK/', 'hulY/Q5KCtapeMGfpHAHvw==', '0rTZYapKOI7oJe6EVWMV0Yy98SmzgOa0GvtJxRUJHLc21mOmrT2lC4ljScrFMRsL', '$2a$10$O98LXsG5RM6fZ172J4r6PuxITQXwOzdLxOWGVDtVqkSyf0IzM15N6', 'WNA/62d4u7Uh9gaaS6gTBkkSSEbiJ+msmRQzmoPtwlw=', 'BukxXcJwv6zAL1oQtmeL4qK6xh73k/WsiV8CIGXAADw=', NULL, NULL, 'SD37HxkusBlDhd5BxpGMqpU4RZsQvZDtUCFESizXqAY=', 'B4bnXXvX6gv9lKOBSt0mGfAj2uUQDAyGM3X8QzFUA1s=', 'EujclxWOhcY4wVdbJraqdo35AQDNEkyEM9Xktvl8f+SiuOgx4XSKt+StUbRBgPFld5IrCXifXwHlZnsqU1fDdkKvZ8/LdiAJoGzYUROiUYA=', '7gi+yuOjPtX4d3L5rJ3cFA4oxsaYWxRbq4CCdIqAtWA=', '4j5oS3f0Y3czxuXsy/kyk3UXtvRcadLYB3JIx31WjTQ=', '4j5oS3f0Y3czxuXsy/kyk3UXtvRcadLYB3JIx31WjTQ=', NULL, NULL, NULL, 'TH+vRpqYqk3BvHz/dzvMuFbUWEQdDF/kTcs31ulkox8=', 'pZBeHWuCG5N+NgRioDcbIglMz09rnX6ONvn2U9fzW7IyQtS7VYbsRyuVXfd6lumU', '6mDx6yGOkB4ZP2j/QtRImZv7MbbmB40gK3tyyWmp/lM=', '4j5oS3f0Y3czxuXsy/kyk3UXtvRcadLYB3JIx31WjTQ=', '4j5oS3f0Y3czxuXsy/kyk3UXtvRcadLYB3JIx31WjTQ=', 'Y09uhLJKxDjZ3siMJYuQ7KkQCfNDIn5aqOxQl5w58HU=', 'LRjah29zaO2ccMRvgchKoh/6VGxY19at6PKbeQTf8Kg=', '4j5oS3f0Y3czxuXsy/kyk3UXtvRcadLYB3JIx31WjTQ=', 'jEykH65vxouHKEAZVHV3V3X962eE3scCB4Dd9vlo5NM=', '2023-08-04 00:27:47', 0),
(89, '3bhnzWXfDrCVmnqAdqXlnw==', '$2a$10$FC9aqi7r.9ZQIFy7gqiUxOVq.pHu07ZMhFRa1nyQXiGdP4A63aG5.', 'JVFezJMzAcUvFbKN2/nQnMMU1+05xwHPQk+XZNvmz3CbHmE+Y62qH5wVpYPXjnzU', 'jGQdCThXkpUKHKUFU/cDB6whxADhi8otyHgUJNydIEzsw70jnUZ1MqkgRyVc/6zc', 'FZBU6huSFkrZzW+byIHMmw==', 'yWWjwZqpn6AmRnRfDWEEU4Trk12H1fe3BpraKi4UkL17NzX0RQp8P6EGYde3y+T1', '$2a$10$sNPHzvByR78uzRko75hINONOLi55gD6nWvNGJZhBoEqLKXKjiE8PS', '+vPuSagoJHAI/uDf46MEIcRb2aTFF1piQDiAGzbXORQ=', 'Zpv4LEaB8NzcQmiSwt2EkdG8Dehk5qwCPUBz3kbtcfY=', 'i5F5FbtOkbSqyU/cI+XtPW4DbLl5oQMOdwflWxLFv34=', 'ejUz0ewtfjgLMqAqAHX6jc3Y2mdaxLU3UABwkqJwSuI=', 'nrV0S3OC80438eCQBUQeHQEGnyng7d8DX4lI2f4NGUY=', 'iyqHv4nsVzdscZ6SG4v4lM8/TgR8fo01C4g8d07h/fk=', '6o3JlCeyoP0wX4HHZJCAuUdWhAGIgDuQlsYFwx7OvLqedzGEfX7n2DcfEtRp0ntq', '8Q7U+07vNTMnmt5axgFQf8+kFOHy/qtQhP2ANY6omg4=', 'BtMWb/5kiXPMJ5vynR18oqF75Whjar8l3W2rMIBo6Og=', 'TWXQtdXO56lUa9HC9x7VgGHPwyd8I6e21+rMzlZkrZE=', 'IfIW6dC/5d4McaOZ/9NyotEIW5DgOOcGqrs/cTtfZao=', '8yjAh3MPyYw3vgchBkum6ze74SLPJZzTZIdgSYuiAWE=', 'pCkdPRTHqKrz/rRe6EKpW3o8+Ds5AyuCNhJPO7W0wGA=', '3iPE69OH+IsYfR7rZLYlGlSknzg4BReHdHaOXbNdaJg=', 'zjDrMDydsF9t2k9niOyJg2/VS1QdyqCNF4ICqu6MDwMxzoIoCAVMxt6G6VG17jA+Xx4qFD85O24hZZFkJdjN4NYDIF3FWAQNTNAR+BG5lX8=', 'ZCLi7o/ND3098wvbk5wUocMchHwxdAlfZNmbQf86WZE=', 'fY2HXzcDMZlT9aC/oxmDKnEkPWWjAXnAC7ouI2IOvis=', '/LGRrKNy0/64f4wa5S6LLOFHWFSM5N0Joh9rGB6SKOE=', 'gS2iAPNSnJbEajwwiruzdEASjuJPvRJBFo7H6LyS/Wg=', '14WOZG87LbRjT2xRZeWSaStAvSFJ45AWEqi78c7lGZrGHgFwA9ouxPke8oPoXAiZ7W9+D/nUdKI8MouVPbiPWBQRkey9xlOO3rN+l4Nukhd6ksUccQjiey4E7dv/ORFnmCY3K47sxkUiVD4U6my6aQ==', '/LGRrKNy0/64f4wa5S6LLOFHWFSM5N0Joh9rGB6SKOE=', 'hbO6ndwQUC8ORx5Z4vgobfCaLtDFGjOAuVvX3cUSFlM=', '2023-08-06 07:25:11', 0),
(90, 'mvMJteyAxyvu8Xh3/EUy4Q==', '$2a$10$ZYvkol6gKDvhmSSeA5wBweo30tBEhOOdE31FpEMdVzkb0TPY/jsq.', 'KSDtQMszI50oxcKbc95BhofWAuPsEp/TQJJ1CwCQmWp435IdJI0zHZtO2DM2CiG4', NULL, 'qfH/0RFInKQ6iuy3lbQSYg==', NULL, NULL, NULL, NULL, NULL, NULL, NULL, NULL, NULL, NULL, NULL, NULL, NULL, NULL, NULL, NULL, NULL, NULL, NULL, NULL, NULL, NULL, NULL, NULL, '2023-08-06 07:48:51', 0),
(91, 'jiT2qhjtgUEqX1b0QUjyoQ==', '$2a$10$BjkgcGhQFhNmlMh.ia7L4eoRy691sXtg6GV.9f2Fsp7Od/A.VzZFu', '+MvzUE/1tQ5ZegiQJS4wmyZqecI1mseSDvxHHqPqJqcvs7bLjKVGjpn4sHf8T4mz', '1WIdqLvSwYQUnUHxZ6HSYHtDY8E5GTV1CMVj5/KJwi81RcP/jv1rjdtkq4Kk+pFj', '3mXId2FYMDiqyfVbZhSA5w==', 'GCzxRZtudgscWpw0USOJsri+P2ZncvQ9vmOrf6OxLCadrIVt4I41pdVX0MW1c8Ls', '$2a$10$HNeH6z/HVBx3YcXNbIUFsOuAB9QB0sqKgxWzTlGIwWUJHhZ5X6Dby', 'xznDRg9VykZvHq6aknQN0QrqvLAw/DxDlueei2xcCHs=', '5uLGEfqMFRvp2P+3cB3xlpUTgbCq8zsLR0twl8UTu+4=', NULL, NULL, 'js2TVnjCR9NvO4iQJAXw2W1VHQp0TxYcwAOQyep/UgQ=', 'WRHRhoVQn7Hbvke7LAkYlaJCF2UXvwZH4LStspRcIO0=', 'cU5/rA8Snuk4o2ruhn+cCDu3w0Q27sMtFShssGdRsnRlhYxiBix+wKI3TJZaxA2J1fEvkgarpZW2Ss8jIyJ6S2t8w9IbCD1hNHWQvNeZEvI=', 'M/vUV+8I1F9uegi7h3ElTIhQIBQ/2D9RyXcXWSkGtGg=', 'twigYpB/EyXrVGQ1ZtsG/lK/pJVXxQgokdwahQx5mCo=', 'ldhytkxDAZnWSMi3IaMJz95JH6WHmQFxSBXPlqcMe2Y=', 'AeliMCz43HEpyw2CAytk8Y6f8T83uiphj+c78aOOgHU=', 'cU76FXW4TB9bI/yDnm1m1NEiEQr8G45vd3BagyJ2JZU=', 'WLijOUjh3NbaTKlxc6SqgJXXxeTg5dGDi/Gv4H08M54=', 'D9Cw/jfawZ7cXLlSCtkr/mrv4ivUphy4cmgvhpHfIsc=', 'MNa1yDC60JP2eLUQbhE7unOh1LvTaBC8xI7PYAn9R/jE+8j8iIQecE3Ap6qpN6Zt', 'se8eIkaINyHo2jGZxkKWklkcz6cPtKK0ZlgMCjBDMn0=', 'JQHATlozfAIelXT8bKwoBcRXuqe+lgN0DMuBiD8M4Kg=', 'JQHATlozfAIelXT8bKwoBcRXuqe+lgN0DMuBiD8M4Kg=', 'oQe9Ko9c5OXTdpKxbdETYVcPVbxBYBBWuBNPNTPb5NM=', 'zRqtn1dNO6/H4+P8/kQ5GYeHg27efHMi2SPh3Qa+sQs=', 'twigYpB/EyXrVGQ1ZtsG/lK/pJVXxQgokdwahQx5mCo=', 'ivWBF+WHQzuCH2JoLF1LgBFCODpcy5sEGBpJBKMHaVc=', '2023-08-06 22:06:48', 0),
(92, 'lDtB+PQu7qlSfYn1b0t9LA==', '$2a$10$yWg1e0ilmRiBgcHEA.XWs.82PNsyCfxzNnqQlYz.M6SVK0Qq7qmK.', 'kBO5BBsSdeOyYjJMK4lOkidNvJxEXBMrojp+z7vAUXRpOof8EY9KkMA5ZcQQaVUy', 'LtrXaeWvtAwGUxBTJPaJbICbnwgecuHlYJSbenWR7AMmG1f33i/wH93rN/hnXfXG', 'uoXTreoFmU3oxA1QuUxhLA==', '43Wt8DfHPlkysptY8kn36FzZqZJhX0FGM5CXfBv9CbOjA8JqycdEB+55+q+CUxl7', '$2a$10$ev6lp3k/jfvtF7z6TO/tP.qt5jYofVrlyFMkC0pYIKS0FU0d.4Y8q', 'bEDt0PGwt9ZZpMo87RFyw+YcTMAI+N9x1WUfV9dJkX0=', '7phQVxkouU230XoijR9bOyou2Ds4VLVXiSXHBKH47tk=', 'guj+QpRMlhVpUOZWoqm3lTmJVAN/b5GSHAJyHTRHFN0=', 'Ic8wT/Mqjr5qM49xW81SqAFpoIrmKvPlNPuBrHMURzc=', 'I2gNl6Paw9zjWvG48Weeuq4i78OwNfkURc/pcyAFHGI=', 'MbmnwgD00vdMwevVsirHulH/Hgrm14zN76mh1FKshBo=', 'nf0Lf1bog1KYKjxxS+kxLmRvI/AqNEbbPmpq+wXU74iJWqJ0gosZA1SQsaTUu9VuEx588KzSeb/d5IhvFp0p+srcm+YfC93hvHiWpu3iZhI=', 'pfYYTDVCi8tuL0+Q9aYl6r93Wf1Hsyz4SdgOF9jx3PQ=', 'ziuxyxjMvqtmKKkECCXHn+xgZjXsbTmmZuVdE+zuRHo=', 'ziuxyxjMvqtmKKkECCXHn+xgZjXsbTmmZuVdE+zuRHo=', 'a/cSLZmqpJFouqans5F3cqSFymJ1tX8BT61OW9bFUA4=', '7xNJxOrHp2naRkhA5XCmzmpEPmHLHdM5nm9tBje0On8=', 'YbW7cvK2kWWxuQyd/0cx/vMRi5BYERzpYQWaNZNyDKg=', 'UzLUvVL5G/M68TVt022z+Vpxt6dmq7vZPIUsEKdYB2g=', 'd/OP+ByNAam7qAFa3rNB5bPmaqE27eBd3zfzze81fwFuUXNv130E0ps3EfrKA1Lo', 'iJSF1weGYRBFEo2Qw/myWWeqfATUcFQaCoqhSUSCzik=', 'ziuxyxjMvqtmKKkECCXHn+xgZjXsbTmmZuVdE+zuRHo=', 'ziuxyxjMvqtmKKkECCXHn+xgZjXsbTmmZuVdE+zuRHo=', 'FhLET5EC/8Gjj6FFOStiVrEtvg9WF9Gv9cLsSREfcyk=', 'x35a1NcJ5nnpZAk4v3/Cc3YFa0VU8tB/EjkG+sEkOoU=', 'ziuxyxjMvqtmKKkECCXHn+xgZjXsbTmmZuVdE+zuRHo=', 'vRbEiDHUw0dG2MR5Vsw8ioSax08HNlQGrLNz+xDFQqA=', '2023-08-07 00:47:02', 0);

--
-- ダンプしたテーブルのインデックス
--

--
-- テーブルのインデックス `login_logs`
--
ALTER TABLE `login_logs`
  ADD PRIMARY KEY (`id`),
  ADD KEY `user_id` (`user_id`);

--
-- テーブルのインデックス `operation_logs`
--
ALTER TABLE `operation_logs`
  ADD PRIMARY KEY (`id`),
  ADD KEY `user_id` (`user_id`);

--
-- テーブルのインデックス `users`
--
ALTER TABLE `users`
  ADD PRIMARY KEY (`id`);

--
-- ダンプしたテーブルの AUTO_INCREMENT
--

--
-- テーブルの AUTO_INCREMENT `login_logs`
--
ALTER TABLE `login_logs`
  MODIFY `id` bigint(20) UNSIGNED NOT NULL AUTO_INCREMENT, AUTO_INCREMENT=153;

--
-- テーブルの AUTO_INCREMENT `operation_logs`
--
ALTER TABLE `operation_logs`
  MODIFY `id` bigint(20) UNSIGNED NOT NULL AUTO_INCREMENT, AUTO_INCREMENT=359;

--
-- テーブルの AUTO_INCREMENT `users`
--
ALTER TABLE `users`
  MODIFY `id` bigint(20) UNSIGNED NOT NULL AUTO_INCREMENT, AUTO_INCREMENT=93;

--
-- ダンプしたテーブルの制約
--

--
-- テーブルの制約 `login_logs`
--
ALTER TABLE `login_logs`
  ADD CONSTRAINT `login_logs_ibfk_1` FOREIGN KEY (`user_id`) REFERENCES `users` (`id`);

--
-- テーブルの制約 `operation_logs`
--
ALTER TABLE `operation_logs`
  ADD CONSTRAINT `operation_logs_ibfk_1` FOREIGN KEY (`user_id`) REFERENCES `users` (`id`);
COMMIT;

/*!40101 SET CHARACTER_SET_CLIENT=@OLD_CHARACTER_SET_CLIENT */;
/*!40101 SET CHARACTER_SET_RESULTS=@OLD_CHARACTER_SET_RESULTS */;
/*!40101 SET COLLATION_CONNECTION=@OLD_COLLATION_CONNECTION */;
